{
  "trial_number": 7,
  "model_name": "yolo12s",
  "dataset": "bdd100k_yolo_tuning",
  "trial_directory": "/content/Drive/MyDrive/ksu_yolo10_tuning_2025/yolo_training/tune_train/tune/yolo12s_tune_20251130_191337/trial_007",
  "hyperparameters": {
    "imgsz": 640,
    "batch": 86,
    "optimizer": "Adam",
    "lr0": 0.00020733019435489495,
    "momentum": 0.9129593478682302,
    "weight_decay": 0.00038165556248635226,
    "warmup_epochs": 2,
    "warmup_momentum": 0.8695154725469569,
    "warmup_bias_lr": 0.07630371691058041,
    "mosaic": 0.5252312452310752,
    "mixup": 0.07685297042243353,
    "epochs": 6,
    "device": "cuda",
    "val": true,
    "patience": 10,
    "save": true,
    "plots": true,
    "cache": false,
    "workers": 8,
    "close_mosaic": 10,
    "verbose": true
  },
  "validation_metrics": {
    "map50": 0.45059784127625296,
    "map50_95": 0.2530862279354932,
    "precision": 0.6526901783538137,
    "recall": 0.41628338844019
  },
  "training_metrics": {
    "metrics/precision(B)": 0.6529233343064426,
    "metrics/recall(B)": 0.41655212301844813,
    "metrics/mAP50(B)": 0.45088013416442296,
    "metrics/mAP50-95(B)": 0.25276135061653177
  },
  "training_config": {
    "epochs": 6,
    "batch_size": 86,
    "image_size": 640,
    "device": "cuda"
  },
  "timestamp": "2025-11-30T21:54:37.102763",
  "status": "completed"
}