{
  "trial_number": 18,
  "model_name": "yolov8m_finetuned_1",
  "dataset": "bdd100k_yolo_tuning",
  "trial_directory": "/content/Drive/MyDrive/ksu_yolo_tuning_2025/computer_vision_yolo/tune_train/tune/yolov8m_finetuned_1_tune_20251127_230340/trial_018",
  "hyperparameters": {
    "imgsz": 768,
    "batch": 64,
    "optimizer": "SGD",
    "lr0": 0.00023763387102495472,
    "momentum": 0.9690735222899702,
    "weight_decay": 0.0004345143055119562,
    "warmup_epochs": 1,
    "warmup_momentum": 0.7256297179080418,
    "warmup_bias_lr": 0.009569797908782101,
    "mosaic": 0.9425716260056852,
    "mixup": 0.11390959443328483,
    "epochs": 8,
    "device": "cuda",
    "val": true,
    "patience": 20,
    "save": true,
    "plots": true,
    "cache": false,
    "workers": 8,
    "close_mosaic": 10,
    "verbose": true
  },
  "validation_metrics": {
    "map50": 0.5756351691807339,
    "map50_95": 0.33276647679822735,
    "precision": 0.6265905434815442,
    "recall": 0.5309485255286513
  },
  "training_metrics": {
    "metrics/precision(B)": 0.625134250292985,
    "metrics/recall(B)": 0.530571367149169,
    "metrics/mAP50(B)": 0.5744815110786511,
    "metrics/mAP50-95(B)": 0.331360509453338
  },
  "training_config": {
    "epochs": 8,
    "batch_size": 64,
    "image_size": 768,
    "device": "cuda"
  },
  "timestamp": "2025-11-28T10:05:53.770455",
  "status": "completed"
}