{
  "trial_number": 22,
  "model_name": "yolov8m_finetuned_1",
  "dataset": "bdd100k_yolo_tuning",
  "trial_directory": "/content/Drive/MyDrive/ksu_yolo_tuning_2025/computer_vision_yolo/tune_train/tune/yolov8m_finetuned_1_tune_20251127_230340/trial_022",
  "hyperparameters": {
    "imgsz": 768,
    "batch": 64,
    "optimizer": "SGD",
    "lr0": 0.00014118140573302955,
    "momentum": 0.9094252069932472,
    "weight_decay": 0.0007309395990801345,
    "warmup_epochs": 3,
    "warmup_momentum": 0.668541094684278,
    "warmup_bias_lr": 0.005798927412947139,
    "mosaic": 0.8913409412138384,
    "mixup": 0.12334438866565361,
    "epochs": 8,
    "device": "cuda",
    "val": true,
    "patience": 20,
    "save": true,
    "plots": true,
    "cache": false,
    "workers": 8,
    "close_mosaic": 10,
    "verbose": true
  },
  "validation_metrics": {
    "map50": 0.5766610208034043,
    "map50_95": 0.33355669299839336,
    "precision": 0.6311707599010761,
    "recall": 0.5286010591183042
  },
  "training_metrics": {
    "metrics/precision(B)": 0.6291660671046607,
    "metrics/recall(B)": 0.5288877854383834,
    "metrics/mAP50(B)": 0.5757013004545908,
    "metrics/mAP50-95(B)": 0.3327083294289794
  },
  "training_config": {
    "epochs": 8,
    "batch_size": 64,
    "image_size": 768,
    "device": "cuda"
  },
  "timestamp": "2025-11-28T11:57:19.621709",
  "status": "completed"
}