{
  "trial_number": 19,
  "model_name": "yolov8m_finetuned_1",
  "dataset": "bdd100k_yolo_tuning",
  "trial_directory": "/content/Drive/MyDrive/ksu_yolo_tuning_2025/computer_vision_yolo/tune_train/tune/yolov8m_finetuned_1_tune_20251127_230340/trial_019",
  "hyperparameters": {
    "imgsz": 768,
    "batch": 64,
    "optimizer": "SGD",
    "lr0": 0.0012572946482373871,
    "momentum": 0.9391522790357703,
    "weight_decay": 0.0006312790852644021,
    "warmup_epochs": 3,
    "warmup_momentum": 0.612849991148544,
    "warmup_bias_lr": 0.009581091430440513,
    "mosaic": 0.924997185059828,
    "mixup": 0.1613009507739077,
    "epochs": 8,
    "device": "cuda",
    "val": true,
    "patience": 20,
    "save": true,
    "plots": true,
    "cache": false,
    "workers": 8,
    "close_mosaic": 10,
    "verbose": true
  },
  "validation_metrics": {
    "map50": 0.5750657616897434,
    "map50_95": 0.3328785878681926,
    "precision": 0.6383693880206398,
    "recall": 0.5214353293541741
  },
  "training_metrics": {
    "metrics/precision(B)": 0.6381204589878056,
    "metrics/recall(B)": 0.5209770725540902,
    "metrics/mAP50(B)": 0.5746266174952697,
    "metrics/mAP50-95(B)": 0.3317835482081414
  },
  "training_config": {
    "epochs": 8,
    "batch_size": 64,
    "image_size": 768,
    "device": "cuda"
  },
  "timestamp": "2025-11-28T10:33:43.490186",
  "status": "completed"
}