weather,images,expected,matched,missed,accuracy
snowy,1551,28238,15471,12767,0.5478787449536087
clear,10756,187148,103569,83579,0.5534069292752261
rainy,1306,22348,12405,9943,0.5550832289242885
overcast,2568,54344,30686,23658,0.564662152215516
partly cloudy,1441,28112,16165,11947,0.5750213431986341
undefined,2340,46993,27695,19298,0.5893430936522461
foggy,38,545,332,213,0.6091743119266055
