object_count_range,images,expected,matched,missed,accuracy
1-5,1148,5171,3272,1899,0.6327596209630633
6-10,3378,27420,17102,10318,0.6237053245805981
11-20,8189,127057,76464,50593,0.6018086370684024
21-50,7177,201968,106823,95145,0.5289105204784916
50+,108,6112,2662,3450,0.4355366492146597
