scene,images,expected,matched,missed,accuracy
city street,12288,252212,137064,115148,0.543447575848889
highway,5069,73549,40450,33099,0.5499734870630464
undefined,98,1076,700,376,0.6505576208178439
tunnel,49,325,219,106,0.6738461538461539
residential,2382,38980,26631,12349,0.6831965110312981
parking lot,108,1518,1204,314,0.7931488801054019
gas stations,6,68,55,13,0.8088235294117647
