timeofday,images,expected,matched,missed,accuracy
night,8036,131707,70771,60936,0.5373366639586354
dawn/dusk,1476,28884,16360,12524,0.5664035452153441
daytime,10446,206835,118999,87836,0.5753329948993159
undefined,42,302,193,109,0.6390728476821192
