size_bucket,expected,matched,missed,accuracy
small,321502,167001,154501,0.5194400034836486
medium,33242,28416,4826,0.8548222128632453
large,12984,10906,2078,0.8399568699938386
