size_bucket,expected,matched,missed,accuracy
small,321502,156750,164752,0.4875552873699075
medium,33242,27031,6211,0.8131580530653992
large,12984,10129,2855,0.7801139864448552
