object_count_range,images,expected,matched,missed,accuracy
1-5,1148,5171,3044,2127,0.5886675691355637
6-10,3378,27420,16140,11280,0.5886214442013129
11-20,8189,127057,71596,55461,0.5634951242355793
21-50,7177,201968,100606,101362,0.4981284163827933
50+,108,6112,2524,3588,0.4129581151832461
