scene,images,expected,matched,missed,accuracy
city street,12288,252212,129342,122870,0.5128304759488049
highway,5069,73549,37782,35767,0.5136983507593577
undefined,98,1076,641,435,0.595724907063197
tunnel,49,325,206,119,0.6338461538461538
residential,2382,38980,24772,14208,0.6355053873781427
parking lot,108,1518,1113,405,0.733201581027668
gas stations,6,68,54,14,0.7941176470588235
