timeofday,images,expected,matched,missed,accuracy
night,8036,131707,67066,64641,0.509206040681209
dawn/dusk,1476,28884,15461,13423,0.5352790472233763
daytime,10446,206835,111202,95633,0.537636280126671
undefined,42,302,181,121,0.5993377483443708
