weather,images,expected,matched,missed,accuracy
snowy,1551,28238,14695,13543,0.5203980451873362
clear,10756,187148,97449,89699,0.5207055378630816
rainy,1306,22348,11679,10669,0.52259710041167
overcast,2568,54344,28744,25600,0.5289268364492861
partly cloudy,1441,28112,15139,12973,0.5385244735344337
undefined,2340,46993,25892,21101,0.5509756772285234
foggy,38,545,312,233,0.5724770642201835
