object_count_range,images,expected,matched,missed,accuracy
1-5,1148,5171,2961,2210,0.5726165151808161
6-10,3378,27420,15620,11800,0.5696571845368344
11-20,8189,127057,69471,57586,0.5467703471670196
21-50,7177,201968,96509,105459,0.47784302463756634
50+,108,6112,2393,3719,0.39152486910994766
