size_bucket,expected,matched,missed,accuracy
small,321502,149446,172056,0.4648369216987764
medium,33242,27313,5929,0.8216412971542025
large,12984,10195,2789,0.7851971657424522
