timeofday,images,expected,matched,missed,accuracy
night,8036,131707,64296,67411,0.4881745085682614
dawn/dusk,1476,28884,14975,13909,0.5184531228361723
daytime,10446,206835,107507,99328,0.5197717987768028
undefined,42,302,176,126,0.5827814569536424
