scene,images,expected,matched,missed,accuracy
city street,12288,252212,124575,127637,0.4939297099265697
highway,5069,73549,36370,37179,0.4945002651293695
undefined,98,1076,615,461,0.5715613382899628
tunnel,49,325,197,128,0.6061538461538462
residential,2382,38980,24047,14933,0.6169061056952283
parking lot,108,1518,1099,419,0.7239789196310935
gas stations,6,68,51,17,0.75
