weather,images,expected,matched,missed,accuracy
snowy,1551,28238,14101,14137,0.49936256108789573
clear,10756,187148,93656,93492,0.5004381558980059
rainy,1306,22348,11289,11059,0.5051458743511724
overcast,2568,54344,27841,26503,0.5123104666568526
partly cloudy,1441,28112,14671,13441,0.5218767785998861
undefined,2340,46993,25103,21890,0.5341859425871939
foggy,38,545,293,252,0.5376146788990825
