scene,images,expected,matched,missed,accuracy
highway,5069,73549,31893,41656,0.4336292811594991
city street,12288,252212,113383,138829,0.4495543431716175
tunnel,49,325,166,159,0.5107692307692308
undefined,98,1076,567,509,0.5269516728624535
residential,2382,38980,21898,17082,0.5617752693689071
parking lot,108,1518,998,520,0.6574440052700923
gas stations,6,68,48,20,0.7058823529411765
