size_bucket,expected,matched,missed,accuracy
small,321502,130717,190785,0.40658222965953555
medium,33242,27877,5365,0.8386077853318091
large,12984,10359,2625,0.7978280961182994
