object_count_range,images,expected,matched,missed,accuracy
1-5,1148,5171,2839,2332,0.5490233997292593
6-10,3378,27420,14671,12749,0.5350474106491612
11-20,8189,127057,63653,63404,0.5009798751741344
21-50,7177,201968,85800,116168,0.42481977342945415
50+,108,6112,1990,4122,0.3255890052356021
