weather,images,expected,matched,missed,accuracy
snowy,1551,28238,12732,15506,0.45088179049507754
clear,10756,187148,84570,102578,0.45188834505311304
overcast,2568,54344,24839,29505,0.45706977771235097
partly cloudy,1441,28112,13092,15020,0.46570859419465
rainy,1306,22348,10424,11924,0.4664399498836585
foggy,38,545,263,282,0.48256880733944957
undefined,2340,46993,23033,23960,0.49013682888940907
