timeofday,images,expected,matched,missed,accuracy
night,8036,131707,58584,73123,0.44480551527253676
dawn/dusk,1476,28884,13385,15499,0.46340534552001106
daytime,10446,206835,96828,110007,0.4681412720284285
undefined,42,302,156,146,0.5165562913907285
