object_count_range,images,expected,matched,missed,accuracy
1-5,1148,5171,2819,2352,0.5451556758847418
6-10,3378,27420,14580,12840,0.5317286652078774
11-20,8189,127057,63675,63382,0.5011530258073148
21-50,7177,201968,86391,115577,0.4277459795611186
50+,108,6112,2023,4089,0.330988219895288
