timeofday,images,expected,matched,missed,accuracy
night,8036,131707,58849,72858,0.44681755715337834
dawn/dusk,1476,28884,13350,15534,0.46219360199418363
daytime,10446,206835,97143,109692,0.4696642251069693
undefined,42,302,146,156,0.48344370860927155
