weather,images,expected,matched,missed,accuracy
clear,10756,187148,84853,102295,0.45340051723769426
snowy,1551,28238,12831,15407,0.45438770451165095
overcast,2568,54344,24976,29368,0.4595907551891653
rainy,1306,22348,10292,12056,0.46053338106318237
partly cloudy,1441,28112,13140,14972,0.4674160500853728
foggy,38,545,264,281,0.48440366972477067
undefined,2340,46993,23132,23861,0.49224352563147705
