size_bucket,expected,matched,missed,accuracy
small,321502,131413,190089,0.40874706844747466
medium,33242,27639,5603,0.8314481679802659
large,12984,10436,2548,0.803758471965496
