scene,images,expected,matched,missed,accuracy
highway,5069,73549,31793,41756,0.432269643367007
city street,12288,252212,113814,138398,0.4512632230028706
undefined,98,1076,552,524,0.5130111524163569
tunnel,49,325,171,154,0.5261538461538462
residential,2382,38980,22106,16874,0.5671113391482812
parking lot,108,1518,1003,515,0.660737812911726
gas stations,6,68,49,19,0.7205882352941176
