object_count_range,images,expected,matched,missed,accuracy
1-5,1148,5171,3185,1986,0.6159350222394121
6-10,3378,27420,16444,10976,0.599708242159008
11-20,8189,127057,72249,54808,0.5686345498477061
21-50,7177,201968,98224,103744,0.4863344688267448
50+,108,6112,2324,3788,0.38023560209424084
