scene,images,expected,matched,missed,accuracy
city street,12288,252212,127800,124412,0.5067165717729529
highway,5069,73549,37443,36106,0.5090891786428096
undefined,98,1076,654,422,0.6078066914498141
tunnel,49,325,209,116,0.6430769230769231
residential,2382,38980,25126,13854,0.6445869676757311
gas stations,6,68,50,18,0.7352941176470589
parking lot,108,1518,1144,374,0.7536231884057971
