timeofday,images,expected,matched,missed,accuracy
night,8036,131707,66536,65171,0.5051819569195259
dawn/dusk,1476,28884,15195,13689,0.5260697964270876
daytime,10446,206835,110508,96327,0.5342809485822032
undefined,42,302,187,115,0.6192052980132451
