weather,images,expected,matched,missed,accuracy
snowy,1551,28238,14393,13845,0.5097032367731426
clear,10756,187148,96613,90535,0.5162384850492658
rainy,1306,22348,11583,10765,0.5183014139967782
overcast,2568,54344,28432,25912,0.5231856322685117
partly cloudy,1441,28112,15018,13094,0.5342202618099032
foggy,38,545,299,246,0.5486238532110091
undefined,2340,46993,26088,20905,0.5551465111825166
