size_bucket,expected,matched,missed,accuracy
small,321502,153183,168319,0.4764604885817196
medium,33242,28296,4946,0.8512123217616269
large,12984,10947,2037,0.8431146025878004
