{
  "trial_number": 1,
  "model_name": "yolo12s",
  "dataset": "bdd100k_yolo_tuning",
  "trial_directory": "/content/Drive/MyDrive/ksu_yolo10_tuning_2025/yolo_training/tune_train/tune/yolo12s_tune_20251130_191337/trial_001",
  "hyperparameters": {
    "imgsz": 640,
    "batch": 86,
    "optimizer": "AdamW",
    "lr0": 0.0005418282319533242,
    "momentum": 0.8849474968237651,
    "weight_decay": 0.00016738085788752134,
    "warmup_epochs": 0,
    "warmup_momentum": 0.6314650918408482,
    "warmup_bias_lr": 0.03663618432936917,
    "mosaic": 0.728034992108518,
    "mixup": 0.15703519227860274,
    "epochs": 6,
    "device": "cuda",
    "val": true,
    "patience": 10,
    "save": true,
    "plots": true,
    "cache": false,
    "workers": 8,
    "close_mosaic": 10,
    "verbose": true
  },
  "validation_metrics": {
    "map50": 0.4203132949811936,
    "map50_95": 0.22935780059819058,
    "precision": 0.6321820197654955,
    "recall": 0.3889217238461378
  },
  "training_metrics": {
    "metrics/precision(B)": 0.6321700144434736,
    "metrics/recall(B)": 0.38745953601637867,
    "metrics/mAP50(B)": 0.4197488013361615,
    "metrics/mAP50-95(B)": 0.22867791621675107
  },
  "training_config": {
    "epochs": 6,
    "batch_size": 86,
    "image_size": 640,
    "device": "cuda"
  },
  "timestamp": "2025-11-30T19:54:42.902251",
  "status": "completed"
}