{
  "trial_number": 19,
  "model_name": "yolo12s",
  "dataset": "bdd100k_yolo_tuning",
  "trial_directory": "/content/Drive/MyDrive/ksu_yolo10_tuning_2025/yolo_training/tune_train/tune/yolo12s_tune_20251130_191337/trial_019",
  "hyperparameters": {
    "imgsz": 768,
    "batch": 56,
    "optimizer": "Adam",
    "lr0": 0.00011238911120900159,
    "momentum": 0.9063791258472338,
    "weight_decay": 0.0001250956947385644,
    "warmup_epochs": 2,
    "warmup_momentum": 0.789644291939959,
    "warmup_bias_lr": 0.05712022338379076,
    "mosaic": 0.6872134603197738,
    "mixup": 0.11597246328188607,
    "epochs": 6,
    "device": "cuda",
    "val": true,
    "patience": 10,
    "save": true,
    "plots": true,
    "cache": false,
    "workers": 8,
    "close_mosaic": 10,
    "verbose": true
  },
  "validation_metrics": {
    "map50": 0.49642713154511187,
    "map50_95": 0.28052180729722725,
    "precision": 0.589581284290409,
    "recall": 0.45480048205552875
  },
  "training_metrics": {
    "metrics/precision(B)": 0.5869423358309169,
    "metrics/recall(B)": 0.45511892369846196,
    "metrics/mAP50(B)": 0.49585793250505106,
    "metrics/mAP50-95(B)": 0.28014838214608634
  },
  "training_config": {
    "epochs": 6,
    "batch_size": 56,
    "image_size": 768,
    "device": "cuda"
  },
  "timestamp": "2025-12-01T02:25:55.062263",
  "status": "completed"
}