scene,images,expected,matched,missed,accuracy
highway,5069,73549,35556,37993,0.483432813498484
city street,12288,252212,123406,128806,0.48929472031465593
tunnel,49,325,191,134,0.5876923076923077
undefined,98,1076,641,435,0.595724907063197
residential,2382,38980,24019,14961,0.6161877886095434
parking lot,108,1518,1078,440,0.7101449275362319
gas stations,6,68,54,14,0.7941176470588235
