timeofday,images,expected,matched,missed,accuracy
night,8036,131707,62984,68723,0.47821300310537784
dawn/dusk,1476,28884,14827,14057,0.5133291787841019
daytime,10446,206835,106957,99878,0.5171126743539536
undefined,42,302,177,125,0.5860927152317881
