size_bucket,expected,matched,missed,accuracy
small,321502,147466,174036,0.4586783285951565
medium,33242,27306,5936,0.8214307201732748
large,12984,10173,2811,0.7835027726432532
