object_count_range,images,expected,matched,missed,accuracy
1-5,1148,5171,2863,2308,0.5536646683426804
6-10,3378,27420,15347,12073,0.5597009482129832
11-20,8189,127057,68781,58276,0.5413397136718165
21-50,7177,201968,95545,106423,0.4730699912857482
50+,108,6112,2409,3703,0.39414267015706805
