weather,images,expected,matched,missed,accuracy
clear,10756,187148,92272,94876,0.4930429392780046
snowy,1551,28238,13945,14293,0.49383809051632555
rainy,1306,22348,11171,11177,0.4998657597995346
overcast,2568,54344,27628,26716,0.5083909907257471
partly cloudy,1441,28112,14552,13560,0.5176437108708025
undefined,2340,46993,25075,21918,0.5335901091651948
foggy,38,545,302,243,0.5541284403669725
