timeofday,images,expected,matched,missed,accuracy
night,8036,131707,58929,72778,0.44742496602306636
dawn/dusk,1476,28884,13490,15394,0.46704057609749344
daytime,10446,206835,97652,109183,0.47212512389102423
undefined,42,302,160,142,0.5298013245033113
