scene,images,expected,matched,missed,accuracy
highway,5069,73549,32268,41281,0.43872792288134443
city street,12288,252212,114126,138086,0.4525002775442881
undefined,98,1076,566,510,0.5260223048327137
tunnel,49,325,176,149,0.5415384615384615
residential,2382,38980,22017,16963,0.5648281169830682
parking lot,108,1518,1029,489,0.6778656126482213
gas stations,6,68,49,19,0.7205882352941176
