object_count_range,images,expected,matched,missed,accuracy
1-5,1148,5171,2828,2343,0.5468961516147747
6-10,3378,27420,14779,12641,0.5389861415025529
11-20,8189,127057,63794,63263,0.5020896133231542
21-50,7177,201968,86760,115208,0.4295730016636299
50+,108,6112,2070,4042,0.3386780104712042
