size_bucket,expected,matched,missed,accuracy
small,321502,132148,189354,0.4110332128571517
medium,33242,27773,5469,0.8354792130437398
large,12984,10310,2674,0.7940542205791744
