weather,images,expected,matched,missed,accuracy
clear,10756,187148,85197,101951,0.4552386346634749
snowy,1551,28238,12925,15313,0.45771655216375096
overcast,2568,54344,25065,29279,0.4612284704843221
rainy,1306,22348,10346,12002,0.462949704671559
partly cloudy,1441,28112,13239,14873,0.47093767785998863
foggy,38,545,263,282,0.48256880733944957
undefined,2340,46993,23196,23797,0.4936054305960462
