{
  "trial_number": 15,
  "model_name": "yolo12s",
  "dataset": "bdd100k_yolo_tuning",
  "trial_directory": "/content/Drive/MyDrive/ksu_yolo10_tuning_2025/yolo_training/tune_train/tune/yolo12s_tune_20251130_191337/trial_015",
  "hyperparameters": {
    "imgsz": 768,
    "batch": 56,
    "optimizer": "Adam",
    "lr0": 0.00012192021890239396,
    "momentum": 0.8888996841929279,
    "weight_decay": 3.4214299147447924e-05,
    "warmup_epochs": 2,
    "warmup_momentum": 0.7753369681596541,
    "warmup_bias_lr": 0.07369622770237041,
    "mosaic": 0.7510576170263057,
    "mixup": 0.06813130521919572,
    "epochs": 6,
    "device": "cuda",
    "val": true,
    "patience": 10,
    "save": true,
    "plots": true,
    "cache": false,
    "workers": 8,
    "close_mosaic": 10,
    "verbose": true
  },
  "validation_metrics": {
    "map50": 0.5002439377495521,
    "map50_95": 0.2817553955141782,
    "precision": 0.7129201366087949,
    "recall": 0.44755786483838234
  },
  "training_metrics": {
    "metrics/precision(B)": 0.7150393255442542,
    "metrics/recall(B)": 0.4465431319331973,
    "metrics/mAP50(B)": 0.49975949574276984,
    "metrics/mAP50-95(B)": 0.2813138010614461
  },
  "training_config": {
    "epochs": 6,
    "batch_size": 56,
    "image_size": 768,
    "device": "cuda"
  },
  "timestamp": "2025-12-01T00:59:40.224258",
  "status": "completed"
}