{
  "trial_number": 5,
  "model_name": "yolov8m_finetuned_1",
  "dataset": "bdd100k_yolo_tuning",
  "trial_directory": "/content/Drive/MyDrive/ksu_yolo_tuning_2025/computer_vision_yolo/tune_train/tune/yolov8m_finetuned_1_tune_20251127_230340/trial_005",
  "hyperparameters": {
    "imgsz": 640,
    "batch": 96,
    "optimizer": "AdamW",
    "lr0": 0.0020512599422151364,
    "momentum": 0.8738458817841006,
    "weight_decay": 1.0257563974185649e-05,
    "warmup_epochs": 3,
    "warmup_momentum": 0.8180858047314277,
    "warmup_bias_lr": 0.07290071680409874,
    "mosaic": 0.8856351733429728,
    "mixup": 0.014808930346818072,
    "epochs": 8,
    "device": "cuda",
    "val": true,
    "patience": 20,
    "save": true,
    "plots": true,
    "cache": false,
    "workers": 8,
    "close_mosaic": 10,
    "verbose": true
  },
  "validation_metrics": {
    "map50": 0.5258322084927844,
    "map50_95": 0.29801037905056804,
    "precision": 0.6058821746097605,
    "recall": 0.4817668363562652
  },
  "training_metrics": {
    "metrics/precision(B)": 0.6056762885875651,
    "metrics/recall(B)": 0.48163330114706626,
    "metrics/mAP50(B)": 0.5254014209280229,
    "metrics/mAP50-95(B)": 0.2973981377426821
  },
  "training_config": {
    "epochs": 8,
    "batch_size": 96,
    "image_size": 640,
    "device": "cuda"
  },
  "timestamp": "2025-11-28T01:25:51.660494",
  "status": "completed"
}