{
  "trial_number": 30,
  "model_name": "yolov8m_finetuned_1",
  "dataset": "bdd100k_yolo_tuning",
  "trial_directory": "/content/Drive/MyDrive/ksu_yolo_tuning_2025/computer_vision_yolo/tune_train/tune/yolov8m_finetuned_1_tune_20251127_230340/trial_030",
  "hyperparameters": {
    "imgsz": 768,
    "batch": 64,
    "optimizer": "SGD",
    "lr0": 0.00019534509666258856,
    "momentum": 0.9241466731188749,
    "weight_decay": 0.0005430031346760696,
    "warmup_epochs": 1,
    "warmup_momentum": 0.6393878894768946,
    "warmup_bias_lr": 0.025731624575078944,
    "mosaic": 0.8278923239363011,
    "mixup": 0.182709152923983,
    "epochs": 8,
    "device": "cuda",
    "val": true,
    "patience": 20,
    "save": true,
    "plots": true,
    "cache": false,
    "workers": 8,
    "close_mosaic": 10,
    "verbose": true
  },
  "validation_metrics": {
    "map50": 0.5753678696594505,
    "map50_95": 0.33253009399120076,
    "precision": 0.6374058253928654,
    "recall": 0.5241953225995701
  },
  "training_metrics": {
    "metrics/precision(B)": 0.6372193883785016,
    "metrics/recall(B)": 0.5228876068034858,
    "metrics/mAP50(B)": 0.5744606758809974,
    "metrics/mAP50-95(B)": 0.33152219229153507
  },
  "training_config": {
    "epochs": 8,
    "batch_size": 64,
    "image_size": 768,
    "device": "cuda"
  },
  "timestamp": "2025-11-28T15:27:12.830156",
  "status": "completed"
}