{
  "trial_number": 26,
  "model_name": "yolov8m_finetuned_1",
  "dataset": "bdd100k_yolo_tuning",
  "trial_directory": "/content/Drive/MyDrive/ksu_yolo_tuning_2025/computer_vision_yolo/tune_train/tune/yolov8m_finetuned_1_tune_20251127_230340/trial_026",
  "hyperparameters": {
    "imgsz": 768,
    "batch": 64,
    "optimizer": "SGD",
    "lr0": 0.000680896077927012,
    "momentum": 0.8749899221652856,
    "weight_decay": 0.0007859094519095029,
    "warmup_epochs": 3,
    "warmup_momentum": 0.9379847839584119,
    "warmup_bias_lr": 0.0020970375937223724,
    "mosaic": 0.9086387107056219,
    "mixup": 0.1946641233828872,
    "epochs": 8,
    "device": "cuda",
    "val": true,
    "patience": 20,
    "save": true,
    "plots": true,
    "cache": false,
    "workers": 8,
    "close_mosaic": 10,
    "verbose": true
  },
  "validation_metrics": {
    "map50": 0.5748535655590452,
    "map50_95": 0.3325117592645908,
    "precision": 0.6331827559827126,
    "recall": 0.5271421177758693
  },
  "training_metrics": {
    "metrics/precision(B)": 0.6332155497358711,
    "metrics/recall(B)": 0.5263322355629964,
    "metrics/mAP50(B)": 0.5745726805161651,
    "metrics/mAP50-95(B)": 0.33191024245278283
  },
  "training_config": {
    "epochs": 8,
    "batch_size": 64,
    "image_size": 768,
    "device": "cuda"
  },
  "timestamp": "2025-11-28T13:42:10.685562",
  "status": "completed"
}