{
  "trial_number": 6,
  "model_name": "yolov8m_finetuned_1",
  "dataset": "bdd100k_yolo_tuning",
  "trial_directory": "/content/Drive/MyDrive/ksu_yolo_tuning_2025/computer_vision_yolo/tune_train/tune/yolov8m_finetuned_1_tune_20251127_230340/trial_006",
  "hyperparameters": {
    "imgsz": 640,
    "batch": 96,
    "optimizer": "SGD",
    "lr0": 0.00012822825454807568,
    "momentum": 0.8873178786058794,
    "weight_decay": 4.4706085467784903e-05,
    "warmup_epochs": 2,
    "warmup_momentum": 0.7869008621098459,
    "warmup_bias_lr": 0.08872127425763265,
    "mosaic": 0.7361074625809747,
    "mixup": 0.02391884918766034,
    "epochs": 8,
    "device": "cuda",
    "val": true,
    "patience": 20,
    "save": true,
    "plots": true,
    "cache": false,
    "workers": 8,
    "close_mosaic": 10,
    "verbose": true
  },
  "validation_metrics": {
    "map50": 0.5553024646124811,
    "map50_95": 0.3189450318519199,
    "precision": 0.6424454748503376,
    "recall": 0.5103522614601148
  },
  "training_metrics": {
    "metrics/precision(B)": 0.6408866579895756,
    "metrics/recall(B)": 0.5102739682319972,
    "metrics/mAP50(B)": 0.554274594502022,
    "metrics/mAP50-95(B)": 0.31821452927429184
  },
  "training_config": {
    "epochs": 8,
    "batch_size": 96,
    "image_size": 640,
    "device": "cuda"
  },
  "timestamp": "2025-11-28T01:47:01.741622",
  "status": "completed"
}