{
  "trial_number": 14,
  "model_name": "yolo12s",
  "dataset": "bdd100k_yolo_tuning",
  "trial_directory": "/content/Drive/MyDrive/ksu_yolo10_tuning_2025/yolo_training/tune_train/tune/yolo12s_tune_20251130_191337/trial_014",
  "hyperparameters": {
    "imgsz": 768,
    "batch": 56,
    "optimizer": "Adam",
    "lr0": 0.00010296295701265204,
    "momentum": 0.8595336383710444,
    "weight_decay": 0.00021633449801145105,
    "warmup_epochs": 2,
    "warmup_momentum": 0.827684640035661,
    "warmup_bias_lr": 0.08937271460237181,
    "mosaic": 0.8450373653024943,
    "mixup": 0.09401425469969821,
    "epochs": 6,
    "device": "cuda",
    "val": true,
    "patience": 10,
    "save": true,
    "plots": true,
    "cache": false,
    "workers": 8,
    "close_mosaic": 10,
    "verbose": true
  },
  "validation_metrics": {
    "map50": 0.49718201016154107,
    "map50_95": 0.28406614790693163,
    "precision": 0.6870008670063235,
    "recall": 0.445840971375229
  },
  "training_metrics": {
    "metrics/precision(B)": 0.6873797680127535,
    "metrics/recall(B)": 0.4455603028586735,
    "metrics/mAP50(B)": 0.4968300808023594,
    "metrics/mAP50-95(B)": 0.28340046836597094
  },
  "training_config": {
    "epochs": 6,
    "batch_size": 56,
    "image_size": 768,
    "device": "cuda"
  },
  "timestamp": "2025-12-01T00:36:35.028502",
  "status": "completed"
}