weather,images,expected,matched,missed,accuracy
snowy,1551,28238,14490,13748,0.5131383242439266
clear,10756,187148,96615,90533,0.5162491717784855
rainy,1306,22348,11602,10746,0.5191516019330589
overcast,2568,54344,28285,26059,0.5204806418371853
partly cloudy,1441,28112,15001,13111,0.5336155378486056
undefined,2340,46993,25560,21433,0.5439107952248207
foggy,38,545,303,242,0.5559633027522936
