scene,images,expected,matched,missed,accuracy
city street,12288,252212,128064,124148,0.5077633102310755
highway,5069,73549,37478,36071,0.5095650518701818
tunnel,49,325,195,130,0.6
undefined,98,1076,649,427,0.6031598513011153
residential,2382,38980,24334,14646,0.6242688558234992
parking lot,108,1518,1083,435,0.7134387351778656
gas stations,6,68,53,15,0.7794117647058824
