timeofday,images,expected,matched,missed,accuracy
night,8036,131707,66886,64821,0.507839370724411
dawn/dusk,1476,28884,15263,13621,0.5284240409915524
daytime,10446,206835,109533,97302,0.5295670461962434
undefined,42,302,174,128,0.5761589403973509
