object_count_range,images,expected,matched,missed,accuracy
1-5,1148,5171,3065,2106,0.5927286791723071
6-10,3378,27420,16091,11329,0.5868344274252371
11-20,8189,127057,71264,55793,0.5608821237712208
21-50,7177,201968,99002,102966,0.4901865642081914
50+,108,6112,2434,3678,0.3982329842931937
