size_bucket,expected,matched,missed,accuracy
small,321502,154136,167366,0.4794247003129063
medium,33242,27481,5761,0.8266951446964683
large,12984,10239,2745,0.7885859519408502
