scene,images,expected,matched,missed,accuracy
city street,12288,252212,139071,113141,0.5514051670816614
highway,5069,73549,40896,32653,0.5560374716175611
undefined,98,1076,709,367,0.6589219330855018
residential,2382,38980,26843,12137,0.6886351975371986
tunnel,49,325,231,94,0.7107692307692308
parking lot,108,1518,1204,314,0.7931488801054019
gas stations,6,68,56,12,0.8235294117647058
