weather,images,expected,matched,missed,accuracy
snowy,1551,28238,15740,12498,0.5574049153622778
rainy,1306,22348,12528,9820,0.5605870771433685
clear,10756,187148,104987,82161,0.5609838202919615
overcast,2568,54344,31087,23257,0.572041071691447
partly cloudy,1441,28112,16345,11767,0.5814243027888446
undefined,2340,46993,27992,19001,0.59566318387845
foggy,38,545,331,214,0.6073394495412844
