object_count_range,images,expected,matched,missed,accuracy
1-5,1148,5171,3226,1945,0.623863856120673
6-10,3378,27420,17210,10210,0.6276440554339898
11-20,8189,127057,76992,50065,0.6059642522647316
21-50,7177,201968,108809,93159,0.5387437613879427
50+,108,6112,2773,3339,0.4536976439790576
