timeofday,images,expected,matched,missed,accuracy
night,8036,131707,71996,59711,0.5466376122757333
dawn/dusk,1476,28884,16635,12249,0.5759243872039884
daytime,10446,206835,120170,86665,0.5809945125341456
undefined,42,302,209,93,0.6920529801324503
