size_bucket,expected,matched,missed,accuracy
small,321502,169768,151734,0.5280464818259295
medium,33242,28352,4890,0.8528969376090488
large,12984,10890,2094,0.838724584103512
