{
  "trial_number": 32,
  "model_name": "yolov8m_finetuned_1",
  "dataset": "bdd100k_yolo_tuning",
  "trial_directory": "/content/Drive/MyDrive/ksu_yolo_tuning_2025/computer_vision_yolo/tune_train/tune/yolov8m_finetuned_1_tune_20251127_230340/trial_032",
  "hyperparameters": {
    "imgsz": 768,
    "batch": 64,
    "optimizer": "Adam",
    "lr0": 0.000136470817178904,
    "momentum": 0.8970109062903935,
    "weight_decay": 0.0007795392208456435,
    "warmup_epochs": 3,
    "warmup_momentum": 0.636594500298316,
    "warmup_bias_lr": 0.012875103273384508,
    "mosaic": 0.8940697783805857,
    "mixup": 0.19171669528746693,
    "epochs": 8,
    "device": "cuda",
    "val": true,
    "patience": 20,
    "save": true,
    "plots": true,
    "cache": false,
    "workers": 8,
    "close_mosaic": 10,
    "verbose": true
  },
  "validation_metrics": {
    "map50": 0.568762414083914,
    "map50_95": 0.32804539394731114,
    "precision": 0.6271902256717534,
    "recall": 0.5199174806011826
  },
  "training_metrics": {
    "metrics/precision(B)": 0.6263480995243017,
    "metrics/recall(B)": 0.5197046911174868,
    "metrics/mAP50(B)": 0.5682373862775941,
    "metrics/mAP50-95(B)": 0.3271461763723189
  },
  "training_config": {
    "epochs": 8,
    "batch_size": 64,
    "image_size": 768,
    "device": "cuda"
  },
  "timestamp": "2025-11-28T16:23:06.842330",
  "status": "completed"
}