{
  "trial_number": 23,
  "model_name": "yolov8m_finetuned_1",
  "dataset": "bdd100k_yolo_tuning",
  "trial_directory": "/content/Drive/MyDrive/ksu_yolo_tuning_2025/computer_vision_yolo/tune_train/tune/yolov8m_finetuned_1_tune_20251127_230340/trial_023",
  "hyperparameters": {
    "imgsz": 640,
    "batch": 96,
    "optimizer": "SGD",
    "lr0": 0.00010923720976574512,
    "momentum": 0.9087276077173645,
    "weight_decay": 0.0003818945195905101,
    "warmup_epochs": 3,
    "warmup_momentum": 0.5914682378765702,
    "warmup_bias_lr": 0.005708881601387014,
    "mosaic": 0.9502356426031231,
    "mixup": 0.10142130829413395,
    "epochs": 8,
    "device": "cuda",
    "val": true,
    "patience": 20,
    "save": true,
    "plots": true,
    "cache": false,
    "workers": 8,
    "close_mosaic": 10,
    "verbose": true
  },
  "validation_metrics": {
    "map50": 0.5566937623941979,
    "map50_95": 0.32049095746948836,
    "precision": 0.6191376143588637,
    "recall": 0.5278117087533648
  },
  "training_metrics": {
    "metrics/precision(B)": 0.6174025241045554,
    "metrics/recall(B)": 0.5273739202731615,
    "metrics/mAP50(B)": 0.555643776073573,
    "metrics/mAP50-95(B)": 0.31938305691845054
  },
  "training_config": {
    "epochs": 8,
    "batch_size": 96,
    "image_size": 640,
    "device": "cuda"
  },
  "timestamp": "2025-11-28T12:18:34.035408",
  "status": "completed"
}