size_bucket,expected,matched,missed,accuracy
small,321502,129444,192058,0.402622689749986
medium,33242,27756,5486,0.8349678118043439
large,12984,10400,2584,0.8009858287122612
