object_count_range,images,expected,matched,missed,accuracy
1-5,1148,5171,2801,2370,0.5416747244246761
6-10,3378,27420,14399,13021,0.525127644055434
11-20,8189,127057,63033,64024,0.49610017551177815
21-50,7177,201968,85365,116603,0.4226659668858433
50+,108,6112,2002,4110,0.3275523560209424
