weather,images,expected,matched,missed,accuracy
clear,10756,187148,83978,103170,0.44872507320409516
snowy,1551,28238,12736,15502,0.4510234435866563
overcast,2568,54344,24639,29705,0.453389518622111
foggy,38,545,249,296,0.45688073394495415
rainy,1306,22348,10233,12115,0.4578933237873635
partly cloudy,1441,28112,13028,15084,0.4634319863403529
undefined,2340,46993,22737,24256,0.48383801842827656
