timeofday,images,expected,matched,missed,accuracy
night,8036,131707,58089,73618,0.44104717289134215
dawn/dusk,1476,28884,13188,15696,0.4565849605317823
daytime,10446,206835,96172,110663,0.46496966180772115
undefined,42,302,151,151,0.5
