scene,images,expected,matched,missed,accuracy
highway,5069,73549,31478,42071,0.42798678432065695
city street,12288,252212,112385,139827,0.4455973546064422
tunnel,49,325,163,162,0.5015384615384615
undefined,98,1076,554,522,0.5148698884758365
residential,2382,38980,21981,16999,0.5639045664443304
parking lot,108,1518,989,529,0.6515151515151515
gas stations,6,68,50,18,0.7352941176470589
