{
  "trial_number": 10,
  "model_name": "yolo12s",
  "dataset": "bdd100k_yolo_tuning",
  "trial_directory": "/content/Drive/MyDrive/ksu_yolo10_tuning_2025/yolo_training/tune_train/tune/yolo12s_tune_20251130_191337/trial_010",
  "hyperparameters": {
    "imgsz": 768,
    "batch": 56,
    "optimizer": "Adam",
    "lr0": 0.00028301572154734456,
    "momentum": 0.8625119185091457,
    "weight_decay": 0.0009339471392402201,
    "warmup_epochs": 3,
    "warmup_momentum": 0.7469764584689902,
    "warmup_bias_lr": 0.061295823352773976,
    "mosaic": 0.6700564124086668,
    "mixup": 0.1689213722626892,
    "epochs": 6,
    "device": "cuda",
    "val": true,
    "patience": 10,
    "save": true,
    "plots": true,
    "cache": false,
    "workers": 8,
    "close_mosaic": 10,
    "verbose": true
  },
  "validation_metrics": {
    "map50": 0.48616483718215847,
    "map50_95": 0.2722499986927814,
    "precision": 0.5777133636045468,
    "recall": 0.4493174378462914
  },
  "training_metrics": {
    "metrics/precision(B)": 0.5774157279049794,
    "metrics/recall(B)": 0.4484418514254759,
    "metrics/mAP50(B)": 0.4855913937845514,
    "metrics/mAP50-95(B)": 0.27156048510883013
  },
  "training_config": {
    "epochs": 6,
    "batch_size": 56,
    "image_size": 768,
    "device": "cuda"
  },
  "timestamp": "2025-11-30T23:04:05.066426",
  "status": "completed"
}