{
  "trial_number": 4,
  "model_name": "yolo12s",
  "dataset": "bdd100k_yolo_tuning",
  "trial_directory": "/content/Drive/MyDrive/ksu_yolo10_tuning_2025/yolo_training/tune_train/tune/yolo12s_tune_20251130_191337/trial_004",
  "hyperparameters": {
    "imgsz": 640,
    "batch": 86,
    "optimizer": "AdamW",
    "lr0": 0.00012019462074072741,
    "momentum": 0.8751994424704447,
    "weight_decay": 0.0008564246077898465,
    "warmup_epochs": 3,
    "warmup_momentum": 0.8300113009765738,
    "warmup_bias_lr": 0.01867742913680949,
    "mosaic": 0.5719899949745945,
    "mixup": 0.14260259077459436,
    "epochs": 6,
    "device": "cuda",
    "val": true,
    "patience": 10,
    "save": true,
    "plots": true,
    "cache": false,
    "workers": 8,
    "close_mosaic": 10,
    "verbose": true
  },
  "validation_metrics": {
    "map50": 0.4513530237178009,
    "map50_95": 0.2541729086382434,
    "precision": 0.6607601911306877,
    "recall": 0.41717473235196356
  },
  "training_metrics": {
    "metrics/precision(B)": 0.6595007682037871,
    "metrics/recall(B)": 0.41745333700674603,
    "metrics/mAP50(B)": 0.4507318757253622,
    "metrics/mAP50-95(B)": 0.2536578615847256
  },
  "training_config": {
    "epochs": 6,
    "batch_size": 86,
    "image_size": 640,
    "device": "cuda"
  },
  "timestamp": "2025-11-30T20:51:36.791662",
  "status": "completed"
}