{
  "trial_number": 39,
  "model_name": "yolov8m_finetuned_1",
  "dataset": "bdd100k_yolo_tuning",
  "trial_directory": "/content/Drive/MyDrive/ksu_yolo_tuning_2025/computer_vision_yolo/tune_train/tune/yolov8m_finetuned_1_tune_20251127_230340/trial_039",
  "hyperparameters": {
    "imgsz": 640,
    "batch": 96,
    "optimizer": "SGD",
    "lr0": 0.00025969974443728553,
    "momentum": 0.9010564532726025,
    "weight_decay": 0.00015395200555927614,
    "warmup_epochs": 0,
    "warmup_momentum": 0.5678979552619839,
    "warmup_bias_lr": 0.008529487882382562,
    "mosaic": 0.7499675740997609,
    "mixup": 0.02807877625623379,
    "epochs": 8,
    "device": "cuda",
    "val": true,
    "patience": 20,
    "save": true,
    "plots": true,
    "cache": false,
    "workers": 8,
    "close_mosaic": 10,
    "verbose": true
  },
  "validation_metrics": {
    "map50": 0.5548905335656567,
    "map50_95": 0.3189903389831218,
    "precision": 0.6426973145402619,
    "recall": 0.5112010094611488
  },
  "training_metrics": {
    "metrics/precision(B)": 0.6433612482035851,
    "metrics/recall(B)": 0.509757574733479,
    "metrics/mAP50(B)": 0.5539374462494064,
    "metrics/mAP50-95(B)": 0.3177367528703569
  },
  "training_config": {
    "epochs": 8,
    "batch_size": 96,
    "image_size": 640,
    "device": "cuda"
  },
  "timestamp": "2025-11-28T19:47:33.795898",
  "status": "completed"
}