size_bucket,expected,matched,missed,accuracy
small,321502,268497,53005,0.8351332184558727
medium,33242,32352,890,0.9732266409963299
large,12984,12622,362,0.9721195317313617
