object_count_range,images,expected,matched,missed,accuracy
1-5,1148,5171,4676,495,0.9042738348481918
6-10,3378,27420,24330,3090,0.887308533916849
11-20,8189,127057,110654,16403,0.8709004619973713
21-50,7177,201968,169197,32771,0.8377416224352373
50+,108,6112,4614,1498,0.7549083769633508
