scene,images,expected,matched,missed,accuracy
gas stations,6,68,56,12,0.8235294117647058
highway,5069,73549,61902,11647,0.8416429863084475
city street,12288,252212,214935,37277,0.8521997367294181
undefined,98,1076,921,155,0.8559479553903345
residential,2382,38980,34012,4968,0.8725500256541816
tunnel,49,325,288,37,0.8861538461538462
parking lot,108,1518,1357,161,0.8939393939393939
