weather,images,expected,matched,missed,accuracy
overcast,2568,54344,46042,8302,0.8472324451641395
clear,10756,187148,159142,28006,0.8503537307371706
partly cloudy,1441,28112,23909,4203,0.8504908935685828
foggy,38,545,465,80,0.8532110091743119
snowy,1551,28238,24226,4012,0.8579219491465401
undefined,2340,46993,40429,6564,0.8603196220713724
rainy,1306,22348,19258,3090,0.861732593520673
