timeofday,images,expected,matched,missed,accuracy
dawn/dusk,1476,28884,24570,4314,0.8506439551308683
undefined,42,302,257,45,0.8509933774834437
night,8036,131707,112120,19587,0.8512835308677595
daytime,10446,206835,176524,30311,0.8534532356709454
