{
  "trial_number": 20,
  "model_name": "yolov8m_finetuned_1",
  "dataset": "bdd100k_yolo_tuning",
  "trial_directory": "/content/Drive/MyDrive/ksu_yolo_tuning_2025/computer_vision_yolo/tune_train/tune/yolov8m_finetuned_1_tune_20251127_230340/trial_020",
  "hyperparameters": {
    "imgsz": 768,
    "batch": 64,
    "optimizer": "SGD",
    "lr0": 0.00019409774408113843,
    "momentum": 0.8566173352757066,
    "weight_decay": 0.0002337269531669197,
    "warmup_epochs": 1,
    "warmup_momentum": 0.7222631373010865,
    "warmup_bias_lr": 0.01672355973911266,
    "mosaic": 0.9748539724246373,
    "mixup": 0.19898880565440097,
    "epochs": 8,
    "device": "cuda",
    "val": true,
    "patience": 20,
    "save": true,
    "plots": true,
    "cache": false,
    "workers": 8,
    "close_mosaic": 10,
    "verbose": true
  },
  "validation_metrics": {
    "map50": 0.5747262839096262,
    "map50_95": 0.33242659699133603,
    "precision": 0.6334015590534288,
    "recall": 0.5261905746223079
  },
  "training_metrics": {
    "metrics/precision(B)": 0.6326269838220159,
    "metrics/recall(B)": 0.525260343886874,
    "metrics/mAP50(B)": 0.5732926427832135,
    "metrics/mAP50-95(B)": 0.331681207946877
  },
  "training_config": {
    "epochs": 8,
    "batch_size": 64,
    "image_size": 768,
    "device": "cuda"
  },
  "timestamp": "2025-11-28T11:01:37.737998",
  "status": "completed"
}