size_bucket,expected,matched,missed,accuracy
small,321502,144105,177397,0.4482242723217896
medium,33242,27557,5685,0.8289814090608266
large,12984,10309,2675,0.793977202711029
