scene,images,expected,matched,missed,accuracy
highway,5069,73549,35118,38431,0.4774775999673687
city street,12288,252212,121516,130696,0.4818010245349151
undefined,98,1076,629,447,0.5845724907063197
residential,2382,38980,23391,15589,0.6000769625448948
tunnel,49,325,196,129,0.6030769230769231
parking lot,108,1518,1070,448,0.7048748353096179
gas stations,6,68,51,17,0.75
