object_count_range,images,expected,matched,missed,accuracy
1-5,1148,5171,3003,2168,0.5807387352543029
6-10,3378,27420,15476,11944,0.5644055433989789
11-20,8189,127057,68069,58988,0.5357359295434333
21-50,7177,201968,93199,108769,0.46145428978848135
50+,108,6112,2224,3888,0.36387434554973824
