timeofday,images,expected,matched,missed,accuracy
night,8036,131707,63186,68521,0.4797467105013401
dawn/dusk,1476,28884,14477,14407,0.5012117435258274
daytime,10446,206835,104137,102698,0.5034786182222545
undefined,42,302,171,131,0.5662251655629139
