{
  "trial_number": 17,
  "model_name": "yolo12s",
  "dataset": "bdd100k_yolo_tuning",
  "trial_directory": "/content/Drive/MyDrive/ksu_yolo10_tuning_2025/yolo_training/tune_train/tune/yolo12s_tune_20251130_191337/trial_017",
  "hyperparameters": {
    "imgsz": 768,
    "batch": 56,
    "optimizer": "Adam",
    "lr0": 0.00041263520115668436,
    "momentum": 0.9183480039077738,
    "weight_decay": 1.5740681056021985e-05,
    "warmup_epochs": 2,
    "warmup_momentum": 0.770635246942724,
    "warmup_bias_lr": 0.09735460872124413,
    "mosaic": 0.6979925246933499,
    "mixup": 0.05670264821395519,
    "epochs": 6,
    "device": "cuda",
    "val": true,
    "patience": 10,
    "save": true,
    "plots": true,
    "cache": false,
    "workers": 8,
    "close_mosaic": 10,
    "verbose": true
  },
  "validation_metrics": {
    "map50": 0.4869266728788178,
    "map50_95": 0.27312760201083996,
    "precision": 0.680273669218914,
    "recall": 0.4405935329921231
  },
  "training_metrics": {
    "metrics/precision(B)": 0.6778954035543068,
    "metrics/recall(B)": 0.44157157664451835,
    "metrics/mAP50(B)": 0.4868239945756521,
    "metrics/mAP50-95(B)": 0.2725327432060952
  },
  "training_config": {
    "epochs": 6,
    "batch_size": 56,
    "image_size": 768,
    "device": "cuda"
  },
  "timestamp": "2025-12-01T01:45:53.048709",
  "status": "completed"
}