{
  "trial_number": 17,
  "model_name": "yolov8m_finetuned_1",
  "dataset": "bdd100k_yolo_tuning",
  "trial_directory": "/content/Drive/MyDrive/ksu_yolo_tuning_2025/computer_vision_yolo/tune_train/tune/yolov8m_finetuned_1_tune_20251127_230340/trial_017",
  "hyperparameters": {
    "imgsz": 768,
    "batch": 64,
    "optimizer": "AdamW",
    "lr0": 0.0005375733382750209,
    "momentum": 0.9220284993100825,
    "weight_decay": 0.0006245610321427977,
    "warmup_epochs": 2,
    "warmup_momentum": 0.8253358856250237,
    "warmup_bias_lr": 0.020549542524289362,
    "mosaic": 0.9568487765910555,
    "mixup": 0.18419081572099077,
    "epochs": 8,
    "device": "cuda",
    "val": true,
    "patience": 20,
    "save": true,
    "plots": true,
    "cache": false,
    "workers": 8,
    "close_mosaic": 10,
    "verbose": true
  },
  "validation_metrics": {
    "map50": 0.5622170624082131,
    "map50_95": 0.3219154853462397,
    "precision": 0.6208032585548521,
    "recall": 0.5184069658017879
  },
  "training_metrics": {
    "metrics/precision(B)": 0.6192190186111735,
    "metrics/recall(B)": 0.5179904591686084,
    "metrics/mAP50(B)": 0.5609949108151965,
    "metrics/mAP50-95(B)": 0.3211404078344955
  },
  "training_config": {
    "epochs": 8,
    "batch_size": 64,
    "image_size": 768,
    "device": "cuda"
  },
  "timestamp": "2025-11-28T06:36:51.647229",
  "status": "completed"
}