weather,images,expected,matched,missed,accuracy
overcast,2568,54344,43855,10489,0.8069888120123657
partly cloudy,1441,28112,22851,5261,0.8128557199772339
clear,10756,187148,153063,34085,0.8178714172740291
undefined,2340,46993,38825,8168,0.8261868788968569
snowy,1551,28238,23362,4876,0.8273248813655358
rainy,1306,22348,18515,3833,0.8284857705387507
foggy,38,545,455,90,0.8348623853211009
