size_bucket,expected,matched,missed,accuracy
small,321502,256051,65451,0.7964211731186742
medium,33242,32218,1024,0.969195595932856
large,12984,12657,327,0.9748151571164511
