scene,images,expected,matched,missed,accuracy
highway,5069,73549,59253,14296,0.8056261811853322
city street,12288,252212,206274,45938,0.8178595784498754
undefined,98,1076,899,177,0.8355018587360595
residential,2382,38980,32855,6125,0.8428681375064135
tunnel,49,325,275,50,0.8461538461538461
parking lot,108,1518,1311,207,0.8636363636363636
gas stations,6,68,59,9,0.8676470588235294
