object_count_range,images,expected,matched,missed,accuracy
1-5,1148,5171,4557,614,0.8812608779733127
6-10,3378,27420,23674,3746,0.8633843909555069
11-20,8189,127057,107093,19964,0.8428736708721283
21-50,7177,201968,161364,40604,0.7989582508120098
50+,108,6112,4238,1874,0.6933900523560209
