timeofday,images,expected,matched,missed,accuracy
dawn/dusk,1476,28884,23507,5377,0.8138415731893089
daytime,10446,206835,168870,37965,0.8164478932482413
night,8036,131707,108296,23411,0.8222493868966722
undefined,42,302,253,49,0.8377483443708609
