{
  "metadata": {
    "model_name": "yolov8m_finetuned_1",
    "run_name": "yolov8m_finetuned_1_testing_20251127_210146",
    "wb_run_name": "yolov8m_finetuned_1_bdd100k_yolo_limited_test_20251127_210146",
    "timestamp": "2025-11-27T21:13:38.973195",
    "dataset": "bdd100k_yolo_limited",
    "data_split": "test",
    "images_processed": 20000,
    "iou_threshold": 0.5,
    "num_classes": 10
  },
  "model_info": {
    "parameters": 25862110,
    "model_size_mb": 49.609575271606445,
    "flops_gflops": 79.0946304
  },
  "performance": {
    "total_time_seconds": 118.6136589050293,
    "avg_inference_time_ms": 2363.3881434999466,
    "fps": 423.1213576789371,
    "images_processed": 20000
  },
  "custom_metrics": {
    "overall": {
      "precision": 0.6972074392144172,
      "recall": 0.7814189662844638,
      "f1_score": 0.7369151726367982,
      "true_positives": 256382,
      "false_positives": 111345,
      "false_negatives": 71716
    },
    "per_class": {
      "person": {
        "true_positives": 15187,
        "false_positives": 9463,
        "false_negatives": 5071,
        "precision": 0.616105476673428,
        "recall": 0.7496791391055385,
        "f1_score": 0.6763605593658144
      },
      "rider": {
        "true_positives": 669,
        "false_positives": 625,
        "false_negatives": 508,
        "precision": 0.5170015455950541,
        "recall": 0.5683942225998301,
        "f1_score": 0.5414811817078106
      },
      "car": {
        "true_positives": 155933,
        "false_positives": 49216,
        "false_negatives": 32234,
        "precision": 0.7600963202355361,
        "recall": 0.8286947233042988,
        "f1_score": 0.792914603016404
      },
      "truck": {
        "true_positives": 5157,
        "false_positives": 3547,
        "false_negatives": 3553,
        "precision": 0.5924862132352942,
        "recall": 0.5920780711825488,
        "f1_score": 0.5922820718961755
      },
      "bus": {
        "true_positives": 1801,
        "false_positives": 1416,
        "false_negatives": 1399,
        "precision": 0.5598383587193037,
        "recall": 0.5628125,
        "f1_score": 0.561321489792738
      },
      "train": {
        "true_positives": 3,
        "false_positives": 25,
        "false_negatives": 7,
        "precision": 0.10714285714285714,
        "recall": 0.3,
        "f1_score": 0.15789473684210525
      },
      "motor": {
        "true_positives": 439,
        "false_positives": 402,
        "false_negatives": 357,
        "precision": 0.5219976218787158,
        "recall": 0.5515075376884422,
        "f1_score": 0.5363469761759315
      },
      "bike": {
        "true_positives": 1144,
        "false_positives": 854,
        "false_negatives": 865,
        "precision": 0.5725725725725725,
        "recall": 0.569437531110005,
        "f1_score": 0.5710007486897928
      },
      "traffic light": {
        "true_positives": 31460,
        "false_positives": 21380,
        "false_negatives": 9822,
        "precision": 0.5953822861468584,
        "recall": 0.7620754808391066,
        "f1_score": 0.6684940821487005
      },
      "traffic sign": {
        "true_positives": 44589,
        "false_positives": 24417,
        "false_negatives": 17900,
        "precision": 0.6461612033736197,
        "recall": 0.713549584726912,
        "f1_score": 0.6781854823377316
      }
    }
  },
  "yolo_official_metrics": {
    "overall": {
      "precision": 0.6329027516954138,
      "recall": 0.5444586805569938,
      "map50": 0.5682524166165799,
      "map50_95": 0.32364951819493704,
      "fitness": 0.32364951819493704
    },
    "per_class": {
      "person": {
        "precision": 0.7471103782292398,
        "recall": 0.595659229208925,
        "ap50": 0.6605083044941448,
        "ap50_95": 0.3402685983493125
      },
      "rider": {
        "precision": 0.5995655007439344,
        "recall": 0.5301391035548686,
        "ap50": 0.5368275645969667,
        "ap50_95": 0.282787954337919
      },
      "car": {
        "precision": 0.8150890064957781,
        "recall": 0.7341199660205379,
        "ap50": 0.7951391026344442,
        "ap50_95": 0.501010092280101
      },
      "truck": {
        "precision": 0.6369876930981359,
        "recall": 0.6220128676470589,
        "ap50": 0.6452347323137362,
        "ap50_95": 0.47082339685734453
      },
      "bus": {
        "precision": 0.6073236406323615,
        "recall": 0.5890581286913273,
        "ap50": 0.5998291839068721,
        "ap50_95": 0.4634605230607427
      },
      "train": {
        "precision": 0.3360629764294595,
        "recall": 0.10714285714285714,
        "ap50": 0.11739172232490297,
        "ap50_95": 0.04844567834673677
      },
      "motor": {
        "precision": 0.5869475831857439,
        "recall": 0.5362663495838288,
        "ap50": 0.5234600745430116,
        "ap50_95": 0.2712976113712156
      },
      "bike": {
        "precision": 0.5665284705191027,
        "recall": 0.5535535535535535,
        "ap50": 0.5267485526897538,
        "ap50_95": 0.2620213937403254
      },
      "traffic light": {
        "precision": 0.7251020999342261,
        "recall": 0.5514572293716881,
        "ap50": 0.6071604211195932,
        "ap50_95": 0.2364384445295551
      },
      "traffic sign": {
        "precision": 0.7083101676861554,
        "recall": 0.6251775207952932,
        "ap50": 0.6702245075423738,
        "ap50_95": 0.3599414890761173
      }
    }
  },
  "confusion_matrix": {
    "matrix": [
      [
        15187.0,
        156.0,
        104.0,
        2.0,
        0.0,
        0.0,
        7.0,
        24.0,
        6.0,
        12.0,
        4760.0
      ],
      [
        215.0,
        669.0,
        9.0,
        0.0,
        0.0,
        0.0,
        7.0,
        8.0,
        0.0,
        0.0,
        269.0
      ],
      [
        114.0,
        13.0,
        155933.0,
        1373.0,
        321.0,
        0.0,
        38.0,
        10.0,
        29.0,
        91.0,
        30245.0
      ],
      [
        2.0,
        0.0,
        993.0,
        5157.0,
        386.0,
        1.0,
        0.0,
        0.0,
        1.0,
        30.0,
        2140.0
      ],
      [
        0.0,
        0.0,
        286.0,
        427.0,
        1801.0,
        7.0,
        0.0,
        0.0,
        0.0,
        3.0,
        676.0
      ],
      [
        0.0,
        0.0,
        0.0,
        0.0,
        0.0,
        3.0,
        0.0,
        0.0,
        0.0,
        0.0,
        7.0
      ],
      [
        11.0,
        4.0,
        38.0,
        0.0,
        0.0,
        0.0,
        439.0,
        34.0,
        0.0,
        1.0,
        269.0
      ],
      [
        30.0,
        6.0,
        4.0,
        0.0,
        0.0,
        1.0,
        61.0,
        1144.0,
        0.0,
        0.0,
        763.0
      ],
      [
        9.0,
        1.0,
        23.0,
        2.0,
        2.0,
        3.0,
        1.0,
        2.0,
        31460.0,
        394.0,
        9385.0
      ],
      [
        29.0,
        1.0,
        89.0,
        14.0,
        5.0,
        0.0,
        2.0,
        1.0,
        281.0,
        44589.0,
        17478.0
      ],
      [
        9053.0,
        444.0,
        47670.0,
        1729.0,
        702.0,
        13.0,
        286.0,
        775.0,
        21063.0,
        23886.0,
        0.0
      ]
    ],
    "diagonal_sum": 256382,
    "total_predictions": 433719
  },
  "class_names": {
    "0": "person",
    "1": "rider",
    "2": "car",
    "3": "truck",
    "4": "bus",
    "5": "train",
    "6": "motor",
    "7": "bike",
    "8": "traffic light",
    "9": "traffic sign"
  }
}