{
  "trial_number": 33,
  "model_name": "yolov8m_finetuned_1",
  "dataset": "bdd100k_yolo_tuning",
  "trial_directory": "/content/Drive/MyDrive/ksu_yolo_tuning_2025/computer_vision_yolo/tune_train/tune/yolov8m_finetuned_1_tune_20251127_230340/trial_033",
  "hyperparameters": {
    "imgsz": 768,
    "batch": 64,
    "optimizer": "SGD",
    "lr0": 0.00011943176232095372,
    "momentum": 0.8954532989965969,
    "weight_decay": 0.0009320154818982343,
    "warmup_epochs": 3,
    "warmup_momentum": 0.6675370754361432,
    "warmup_bias_lr": 0.011564605733975091,
    "mosaic": 0.89405609249683,
    "mixup": 0.0797867932405509,
    "epochs": 8,
    "device": "cuda",
    "val": true,
    "patience": 20,
    "save": true,
    "plots": true,
    "cache": false,
    "workers": 8,
    "close_mosaic": 10,
    "verbose": true
  },
  "validation_metrics": {
    "map50": 0.576135663258636,
    "map50_95": 0.33390748474650533,
    "precision": 0.6067089217787517,
    "recall": 0.5458086711948321
  },
  "training_metrics": {
    "metrics/precision(B)": 0.6044107631199098,
    "metrics/recall(B)": 0.5456622909158323,
    "metrics/mAP50(B)": 0.5753004141155931,
    "metrics/mAP50-95(B)": 0.3328570066812578
  },
  "training_config": {
    "epochs": 8,
    "batch_size": 64,
    "image_size": 768,
    "device": "cuda"
  },
  "timestamp": "2025-11-28T16:50:51.019431",
  "status": "completed"
}