scene,images,expected,matched,missed,accuracy
highway,5069,73549,34637,38912,0.4709377421854818
city street,12288,252212,120406,131806,0.47739996510871807
undefined,98,1076,594,482,0.5520446096654275
tunnel,49,325,184,141,0.5661538461538461
residential,2382,38980,23261,15719,0.596741918932786
parking lot,108,1518,1044,474,0.6877470355731226
gas stations,6,68,51,17,0.75
