size_bucket,expected,matched,missed,accuracy
small,321502,142499,179003,0.4432289690266312
medium,33242,27478,5764,0.8266048974189278
large,12984,10200,2784,0.7855822550831792
