timeofday,images,expected,matched,missed,accuracy
night,8036,131707,62026,69681,0.4709392818908638
dawn/dusk,1476,28884,14421,14463,0.49927295388450355
daytime,10446,206835,103569,103266,0.500732467909203
undefined,42,302,161,141,0.5331125827814569
