weather,images,expected,matched,missed,accuracy
snowy,1551,28238,13592,14646,0.4813372051845031
clear,10756,187148,90256,96892,0.4822707162245923
rainy,1306,22348,10840,11508,0.48505459101485593
overcast,2568,54344,26734,27610,0.4919402325923745
partly cloudy,1441,28112,14140,13972,0.5029880478087649
foggy,38,545,280,265,0.5137614678899083
undefined,2340,46993,24335,22658,0.5178430830123636
