object_count_range,images,expected,matched,missed,accuracy
1-5,1148,5171,2929,2242,0.566428157029588
6-10,3378,27420,15212,12208,0.5547775346462436
11-20,8189,127057,67187,59870,0.5287941632495652
21-50,7177,201968,92634,109334,0.4586568169214925
50+,108,6112,2215,3897,0.362401832460733
