timeofday,images,expected,matched,missed,accuracy
dawn/dusk,1476,28884,23949,4935,0.8291441628583299
undefined,42,302,251,51,0.8311258278145696
daytime,10446,206835,171993,34842,0.8315468851983465
night,8036,131707,110253,21454,0.8371081263714153
