size_bucket,expected,matched,missed,accuracy
small,321502,261687,59815,0.8139513906600893
medium,33242,32180,1062,0.9680524637506769
large,12984,12579,405,0.9688077634011091
