object_count_range,images,expected,matched,missed,accuracy
1-5,1148,5171,4607,564,0.8909301875846065
6-10,3378,27420,23990,3430,0.87490882567469
11-20,8189,127057,108727,18330,0.855734040627435
21-50,7177,201968,164733,37235,0.8156391111463203
50+,108,6112,4389,1723,0.7180955497382199
