scene,images,expected,matched,missed,accuracy
highway,5069,73549,60258,13291,0.8192905409998776
city street,12288,252212,210138,42074,0.8331800231551235
gas stations,6,68,57,11,0.8382352941176471
undefined,98,1076,912,164,0.8475836431226765
residential,2382,38980,33456,5524,0.8582863006670087
tunnel,49,325,281,44,0.8646153846153846
parking lot,108,1518,1344,174,0.8853754940711462
