weather,images,expected,matched,missed,accuracy
overcast,2568,54344,44867,9477,0.8256109230089799
partly cloudy,1441,28112,23266,4846,0.8276180990324417
clear,10756,187148,155833,31315,0.8326725372432513
foggy,38,545,455,90,0.8348623853211009
snowy,1551,28238,23686,4552,0.8387987817834124
undefined,2340,46993,39424,7569,0.8389334581746217
rainy,1306,22348,18915,3433,0.8463844639341328
