object_count_range,images,expected,matched,missed,accuracy
1-5,1148,5171,3057,2114,0.5911815896345001
6-10,3378,27420,16056,11364,0.5855579868708971
11-20,8189,127057,70951,56106,0.5584186624900636
21-50,7177,201968,99242,102726,0.49137487126673535
50+,108,6112,2503,3609,0.4095222513089005
