scene,images,expected,matched,missed,accuracy
highway,5069,73549,37341,36208,0.5077023480944677
city street,12288,252212,128049,124163,0.5077038364550458
undefined,98,1076,650,426,0.604089219330855
tunnel,49,325,199,126,0.6123076923076923
residential,2382,38980,24425,14555,0.6266033863519753
parking lot,108,1518,1091,427,0.7187088274044796
gas stations,6,68,54,14,0.7941176470588235
