weather,images,expected,matched,missed,accuracy
snowy,1551,28238,14555,13683,0.5154401869820809
rainy,1306,22348,11527,10821,0.5157955969214247
clear,10756,187148,96623,90525,0.5162919186953641
overcast,2568,54344,28252,26092,0.5198733990872958
partly cloudy,1441,28112,14935,13177,0.5312677859988617
undefined,2340,46993,25605,21388,0.5448683846530334
foggy,38,545,312,233,0.5724770642201835
