timeofday,images,expected,matched,missed,accuracy
night,8036,131707,66688,65019,0.5063360337719331
dawn/dusk,1476,28884,15236,13648,0.5274892674144855
daytime,10446,206835,109702,97133,0.5303841226098097
undefined,42,302,183,119,0.6059602649006622
