size_bucket,expected,matched,missed,accuracy
small,321502,154577,166925,0.4807963869587125
medium,33242,27088,6154,0.814872751338668
large,12984,10144,2840,0.7812692544670363
