size_bucket,expected,matched,missed,accuracy
small,321502,162026,159476,0.5039657607106643
medium,33242,28340,4902,0.8525359484988869
large,12984,10867,2117,0.8369531731361676
