object_count_range,images,expected,matched,missed,accuracy
1-5,1148,5171,3283,1888,0.6348868690775479
6-10,3378,27420,16962,10458,0.6185995623632385
11-20,8189,127057,75024,52033,0.5904751410784136
21-50,7177,201968,103474,98494,0.5123286857323932
50+,108,6112,2490,3622,0.4073952879581152
