weather,images,expected,matched,missed,accuracy
snowy,1551,28238,15092,13146,0.5344571145265246
rainy,1306,22348,12050,10298,0.5391981385358868
clear,10756,187148,101143,86005,0.5404439267317844
overcast,2568,54344,29809,24535,0.5485242161048138
partly cloudy,1441,28112,15629,12483,0.5559547524188958
foggy,38,545,313,232,0.5743119266055046
undefined,2340,46993,27197,19796,0.5787457706466921
