timeofday,images,expected,matched,missed,accuracy
night,8036,131707,69512,62195,0.5277775668719202
dawn/dusk,1476,28884,15886,12998,0.549993075751281
daytime,10446,206835,115643,91192,0.5591075011482582
undefined,42,302,192,110,0.6357615894039735
