scene,images,expected,matched,missed,accuracy
highway,5069,73549,38997,34552,0.5302179499381365
city street,12288,252212,134034,118178,0.5314338730908917
undefined,98,1076,676,400,0.6282527881040892
residential,2382,38980,26085,12895,0.6691893278604413
tunnel,49,325,220,105,0.676923076923077
parking lot,108,1518,1168,350,0.769433465085639
gas stations,6,68,53,15,0.7794117647058824
