{
  "metadata": {
    "model_name": "yolo12s_finetuned_20251201",
    "run_name": "yolo12s_finetuned_20251201_testing_20251201_064509",
    "wb_run_name": "yolo12s_finetuned_20251201_bdd100k_yolo_limited_test_20251201_064509",
    "timestamp": "2025-12-01T07:03:14.393841",
    "dataset": "bdd100k_yolo_limited",
    "data_split": "test",
    "images_processed": 20000,
    "iou_threshold": 0.5,
    "num_classes": 10
  },
  "model_info": {
    "parameters": 9257006,
    "model_size_mb": 18.049585342407227,
    "flops_gflops": 21.541427199999998
  },
  "performance": {
    "total_time_seconds": 133.21862053871155,
    "avg_inference_time_ms": 2766.284557500694,
    "fps": 361.4957099364674,
    "images_processed": 20000
  },
  "custom_metrics": {
    "overall": {
      "precision": 0.6969626924321576,
      "recall": 0.7812613359589573,
      "f1_score": 0.7367083659108679,
      "true_positives": 256292,
      "false_positives": 111435,
      "false_negatives": 71757
    },
    "per_class": {
      "person": {
        "true_positives": 14914,
        "false_positives": 9736,
        "false_negatives": 5033,
        "precision": 0.6050304259634889,
        "recall": 0.7476813555923196,
        "f1_score": 0.6688342265174788
      },
      "rider": {
        "true_positives": 603,
        "false_positives": 691,
        "false_negatives": 371,
        "precision": 0.4659969088098918,
        "recall": 0.6190965092402464,
        "f1_score": 0.5317460317460317
      },
      "car": {
        "true_positives": 155129,
        "false_positives": 50020,
        "false_negatives": 32812,
        "precision": 0.7561772175345725,
        "recall": 0.8254132945977727,
        "f1_score": 0.7892798086952098
      },
      "truck": {
        "true_positives": 5036,
        "false_positives": 3668,
        "false_negatives": 3731,
        "precision": 0.5785845588235294,
        "recall": 0.5744268278772671,
        "f1_score": 0.5764981970121916
      },
      "bus": {
        "true_positives": 1723,
        "false_positives": 1494,
        "false_negatives": 1314,
        "precision": 0.5355921666148585,
        "recall": 0.5673361870266711,
        "f1_score": 0.5510073552926127
      },
      "train": {
        "true_positives": 1,
        "false_positives": 27,
        "false_negatives": 11,
        "precision": 0.03571428571428571,
        "recall": 0.08333333333333333,
        "f1_score": 0.05
      },
      "motor": {
        "true_positives": 425,
        "false_positives": 416,
        "false_negatives": 286,
        "precision": 0.5053507728894173,
        "recall": 0.5977496483825597,
        "f1_score": 0.547680412371134
      },
      "bike": {
        "true_positives": 1091,
        "false_positives": 907,
        "false_negatives": 666,
        "precision": 0.546046046046046,
        "recall": 0.6209447922595333,
        "f1_score": 0.581091877496671
      },
      "traffic light": {
        "true_positives": 32998,
        "false_positives": 19842,
        "false_negatives": 10498,
        "precision": 0.6244890234670704,
        "recall": 0.7586444730549936,
        "f1_score": 0.6850606211592759
      },
      "traffic sign": {
        "true_positives": 44372,
        "false_positives": 24634,
        "false_negatives": 17035,
        "precision": 0.6430165492855694,
        "recall": 0.7225886299607537,
        "f1_score": 0.6804843075460268
      }
    }
  },
  "yolo_official_metrics": {
    "overall": {
      "precision": 0.6433574522478319,
      "recall": 0.5124099177072812,
      "map50": 0.5562680183300948,
      "map50_95": 0.31482335170678105,
      "fitness": 0.31482335170678105
    },
    "per_class": {
      "person": {
        "precision": 0.7669293845867964,
        "recall": 0.5661257606490873,
        "ap50": 0.6528967133467226,
        "ap50_95": 0.33066436860263776
      },
      "rider": {
        "precision": 0.6802287393161984,
        "recall": 0.47372488408037094,
        "ap50": 0.5099623079807315,
        "ap50_95": 0.26044077904575413
      },
      "car": {
        "precision": 0.8309958982628918,
        "recall": 0.7163323330007151,
        "ap50": 0.7961818760369443,
        "ap50_95": 0.49516907113476255
      },
      "truck": {
        "precision": 0.6481747109321454,
        "recall": 0.6004895932037311,
        "ap50": 0.6371058903185143,
        "ap50_95": 0.4640621949892874
      },
      "bus": {
        "precision": 0.642725077092778,
        "recall": 0.5601492073360274,
        "ap50": 0.5941230815821698,
        "ap50_95": 0.4530816816500889
      },
      "train": {
        "precision": 0.09363800370385982,
        "recall": 0.03571428571428571,
        "ap50": 0.03888283769763705,
        "ap50_95": 0.0258528859266622
      },
      "motor": {
        "precision": 0.6450367445211201,
        "recall": 0.49481258192116434,
        "ap50": 0.5116234065686642,
        "ap50_95": 0.2620980124707789
      },
      "bike": {
        "precision": 0.6541551530376479,
        "recall": 0.512012012012012,
        "ap50": 0.5269642011968836,
        "ap50_95": 0.2599808077790875
      },
      "traffic light": {
        "precision": 0.735611693743081,
        "recall": 0.5571536714610144,
        "ap50": 0.6191236486140705,
        "ap50_95": 0.23744854227311074
      },
      "traffic sign": {
        "precision": 0.7360791172818001,
        "recall": 0.6075848476944034,
        "ap50": 0.6758162199586095,
        "ap50_95": 0.3594351731956401
      }
    }
  },
  "confusion_matrix": {
    "matrix": [
      [
        14914.0,
        194.0,
        98.0,
        3.0,
        0.0,
        0.0,
        8.0,
        24.0,
        7.0,
        19.0,
        4680.0
      ],
      [
        122.0,
        603.0,
        4.0,
        0.0,
        0.0,
        0.0,
        4.0,
        6.0,
        0.0,
        0.0,
        235.0
      ],
      [
        111.0,
        20.0,
        155129.0,
        1413.0,
        328.0,
        0.0,
        43.0,
        8.0,
        32.0,
        98.0,
        30759.0
      ],
      [
        2.0,
        1.0,
        1032.0,
        5036.0,
        376.0,
        1.0,
        0.0,
        0.0,
        1.0,
        30.0,
        2288.0
      ],
      [
        1.0,
        0.0,
        233.0,
        364.0,
        1723.0,
        6.0,
        0.0,
        0.0,
        0.0,
        3.0,
        707.0
      ],
      [
        0.0,
        0.0,
        0.0,
        0.0,
        0.0,
        1.0,
        0.0,
        0.0,
        0.0,
        0.0,
        11.0
      ],
      [
        6.0,
        5.0,
        40.0,
        0.0,
        0.0,
        0.0,
        425.0,
        42.0,
        0.0,
        1.0,
        192.0
      ],
      [
        23.0,
        5.0,
        13.0,
        0.0,
        0.0,
        1.0,
        46.0,
        1091.0,
        0.0,
        0.0,
        578.0
      ],
      [
        9.0,
        2.0,
        26.0,
        3.0,
        1.0,
        3.0,
        1.0,
        2.0,
        32998.0,
        445.0,
        10006.0
      ],
      [
        20.0,
        1.0,
        93.0,
        12.0,
        5.0,
        0.0,
        2.0,
        1.0,
        310.0,
        44372.0,
        16591.0
      ],
      [
        9442.0,
        463.0,
        48481.0,
        1873.0,
        784.0,
        16.0,
        312.0,
        824.0,
        19492.0,
        24038.0,
        0.0
      ]
    ],
    "diagonal_sum": 256292,
    "total_predictions": 433774
  },
  "class_names": {
    "0": "person",
    "1": "rider",
    "2": "car",
    "3": "truck",
    "4": "bus",
    "5": "train",
    "6": "motor",
    "7": "bike",
    "8": "traffic light",
    "9": "traffic sign"
  }
}