size_bucket,expected,matched,missed,accuracy
small,321502,150591,170911,0.4683983303369808
medium,33242,27503,5739,0.8273569580650983
large,12984,10207,2777,0.7861213801601972
