weather,images,expected,matched,missed,accuracy
clear,10756,187148,94312,92836,0.5039434030820527
rainy,1306,22348,11267,11081,0.5041614462144264
snowy,1551,28238,14255,13983,0.5048162051136766
overcast,2568,54344,27979,26365,0.5148498454291182
partly cloudy,1441,28112,14718,13394,0.5235486624928856
undefined,2340,46993,25473,21520,0.5420594556636095
foggy,38,545,297,248,0.544954128440367
