scene,images,expected,matched,missed,accuracy
highway,5069,73549,36261,37288,0.49301825993555315
city street,12288,252212,125700,126512,0.49839024312879643
undefined,98,1076,636,440,0.5910780669144982
residential,2382,38980,24358,14622,0.6248845561826578
tunnel,49,325,205,120,0.6307692307692307
parking lot,108,1518,1087,431,0.7160737812911726
gas stations,6,68,54,14,0.7941176470588235
