timeofday,images,expected,matched,missed,accuracy
night,8036,131707,64730,66977,0.49146970168631887
dawn/dusk,1476,28884,14951,13933,0.5176222129898906
daytime,10446,206835,108442,98393,0.5242923102956463
undefined,42,302,178,124,0.5894039735099338
