object_count_range,images,expected,matched,missed,accuracy
1-5,1148,5171,3023,2148,0.5846064590988204
6-10,3378,27420,15678,11742,0.5717724288840262
11-20,8189,127057,70004,57053,0.5509653147799807
21-50,7177,201968,97195,104773,0.48123960231323776
50+,108,6112,2401,3711,0.39283376963350786
