{
  "trial_number": 12,
  "model_name": "yolov8m_finetuned_1",
  "dataset": "bdd100k_yolo_tuning",
  "trial_directory": "/content/Drive/MyDrive/ksu_yolo_tuning_2025/computer_vision_yolo/tune_train/tune/yolov8m_finetuned_1_tune_20251127_230340/trial_012",
  "hyperparameters": {
    "imgsz": 768,
    "batch": 64,
    "optimizer": "SGD",
    "lr0": 0.0006707573965261709,
    "momentum": 0.8788032145046235,
    "weight_decay": 0.00018608446967536654,
    "warmup_epochs": 2,
    "warmup_momentum": 0.9076339798561361,
    "warmup_bias_lr": 0.030481286712759365,
    "mosaic": 0.9241083394569172,
    "mixup": 0.12474316618456899,
    "epochs": 8,
    "device": "cuda",
    "val": true,
    "patience": 20,
    "save": true,
    "plots": true,
    "cache": false,
    "workers": 8,
    "close_mosaic": 10,
    "verbose": true
  },
  "validation_metrics": {
    "map50": 0.5750243795647425,
    "map50_95": 0.33197846841413614,
    "precision": 0.6327684657366114,
    "recall": 0.5263941422564559
  },
  "training_metrics": {
    "metrics/precision(B)": 0.6309557328902478,
    "metrics/recall(B)": 0.5267104254760918,
    "metrics/mAP50(B)": 0.5746897185008897,
    "metrics/mAP50-95(B)": 0.3313463002866947
  },
  "training_config": {
    "epochs": 8,
    "batch_size": 64,
    "image_size": 768,
    "device": "cuda"
  },
  "timestamp": "2025-11-28T04:29:07.908447",
  "status": "completed"
}