{
  "trial_number": 31,
  "model_name": "yolov8m_finetuned_1",
  "dataset": "bdd100k_yolo_tuning",
  "trial_directory": "/content/Drive/MyDrive/ksu_yolo_tuning_2025/computer_vision_yolo/tune_train/tune/yolov8m_finetuned_1_tune_20251127_230340/trial_031",
  "hyperparameters": {
    "imgsz": 768,
    "batch": 64,
    "optimizer": "SGD",
    "lr0": 0.00010527627499202455,
    "momentum": 0.888593460387621,
    "weight_decay": 0.0008005425935994206,
    "warmup_epochs": 3,
    "warmup_momentum": 0.6702643747902545,
    "warmup_bias_lr": 0.008846528541806498,
    "mosaic": 0.6997552011797397,
    "mixup": 0.15181187495601245,
    "epochs": 8,
    "device": "cuda",
    "val": true,
    "patience": 20,
    "save": true,
    "plots": true,
    "cache": false,
    "workers": 8,
    "close_mosaic": 10,
    "verbose": true
  },
  "validation_metrics": {
    "map50": 0.575203871877037,
    "map50_95": 0.33285768047656583,
    "precision": 0.6279706479657985,
    "recall": 0.5280482564623817
  },
  "training_metrics": {
    "metrics/precision(B)": 0.6276863430772336,
    "metrics/recall(B)": 0.5260943894102443,
    "metrics/mAP50(B)": 0.5743466094768088,
    "metrics/mAP50-95(B)": 0.33183857779873555
  },
  "training_config": {
    "epochs": 8,
    "batch_size": 64,
    "image_size": 768,
    "device": "cuda"
  },
  "timestamp": "2025-11-28T15:55:03.709712",
  "status": "completed"
}