{
  "trial_number": 16,
  "model_name": "yolo12s",
  "dataset": "bdd100k_yolo_tuning",
  "trial_directory": "/content/Drive/MyDrive/ksu_yolo10_tuning_2025/yolo_training/tune_train/tune/yolo12s_tune_20251130_191337/trial_016",
  "hyperparameters": {
    "imgsz": 768,
    "batch": 56,
    "optimizer": "Adam",
    "lr0": 0.00027838272655938826,
    "momentum": 0.865713023471312,
    "weight_decay": 3.263640122653622e-05,
    "warmup_epochs": 3,
    "warmup_momentum": 0.6236547885084676,
    "warmup_bias_lr": 0.0946625734899615,
    "mosaic": 0.6118290774947986,
    "mixup": 0.15580060558237022,
    "epochs": 6,
    "device": "cuda",
    "val": true,
    "patience": 10,
    "save": true,
    "plots": true,
    "cache": false,
    "workers": 8,
    "close_mosaic": 10,
    "verbose": true
  },
  "validation_metrics": {
    "map50": 0.491777936938033,
    "map50_95": 0.27651217653228877,
    "precision": 0.6814189630910075,
    "recall": 0.4515146789158491
  },
  "training_metrics": {
    "metrics/precision(B)": 0.6787715329751667,
    "metrics/recall(B)": 0.45267394261309707,
    "metrics/mAP50(B)": 0.4912852606967779,
    "metrics/mAP50-95(B)": 0.2756936438034047
  },
  "training_config": {
    "epochs": 6,
    "batch_size": 56,
    "image_size": 768,
    "device": "cuda"
  },
  "timestamp": "2025-12-01T01:22:45.762985",
  "status": "completed"
}