weather,images,expected,matched,missed,accuracy
clear,10756,187148,92725,94423,0.49546348344625646
snowy,1551,28238,14056,14182,0.4977689638076351
rainy,1306,22348,11246,11102,0.5032217648111688
overcast,2568,54344,27759,26585,0.5108015604298543
partly cloudy,1441,28112,14715,13397,0.5234419464997154
undefined,2340,46993,25175,21818,0.5357180856723341
foggy,38,545,298,247,0.5467889908256881
