size_bucket,expected,matched,missed,accuracy
small,321502,148226,173276,0.4610422330187682
medium,33242,27485,5757,0.8268154743998556
large,12984,10263,2721,0.7904343807763401
