object_count_range,images,expected,matched,missed,accuracy
1-5,1148,5171,2902,2269,0.5612067298394895
6-10,3378,27420,15496,11924,0.5651349380014588
11-20,8189,127057,69214,57843,0.5447476329521396
21-50,7177,201968,95977,105991,0.4752089439911273
50+,108,6112,2385,3727,0.3902159685863874
