scene,images,expected,matched,missed,accuracy
highway,5069,73549,36001,37548,0.48948320167507375
city street,12288,252212,124111,128101,0.4920899877880513
undefined,98,1076,631,445,0.5864312267657993
tunnel,49,325,192,133,0.5907692307692308
residential,2382,38980,23907,15073,0.6133145202668034
parking lot,108,1518,1082,436,0.7127799736495388
gas stations,6,68,50,18,0.7352941176470589
