timeofday,images,expected,matched,missed,accuracy
night,8036,131707,63203,68504,0.4798757848861488
dawn/dusk,1476,28884,14904,13980,0.5159950145409223
daytime,10446,206835,107697,99138,0.5206904053956052
undefined,42,302,170,132,0.5629139072847682
