{
  "trial_number": 25,
  "model_name": "yolov8m_finetuned_1",
  "dataset": "bdd100k_yolo_tuning",
  "trial_directory": "/content/Drive/MyDrive/ksu_yolo_tuning_2025/computer_vision_yolo/tune_train/tune/yolov8m_finetuned_1_tune_20251127_230340/trial_025",
  "hyperparameters": {
    "imgsz": 768,
    "batch": 64,
    "optimizer": "SGD",
    "lr0": 0.00010337029702652747,
    "momentum": 0.8565504231572861,
    "weight_decay": 0.000691796111224237,
    "warmup_epochs": 3,
    "warmup_momentum": 0.835109436494624,
    "warmup_bias_lr": 8.375508235552304e-07,
    "mosaic": 0.9923623608226324,
    "mixup": 0.1299937060296653,
    "epochs": 8,
    "device": "cuda",
    "val": true,
    "patience": 20,
    "save": true,
    "plots": true,
    "cache": false,
    "workers": 8,
    "close_mosaic": 10,
    "verbose": true
  },
  "validation_metrics": {
    "map50": 0.5759153249673427,
    "map50_95": 0.33339409843579043,
    "precision": 0.6142378404938775,
    "recall": 0.5407221099394148
  },
  "training_metrics": {
    "metrics/precision(B)": 0.6124289955588718,
    "metrics/recall(B)": 0.540226699276366,
    "metrics/mAP50(B)": 0.5747825465440867,
    "metrics/mAP50-95(B)": 0.3323078424173099
  },
  "training_config": {
    "epochs": 8,
    "batch_size": 64,
    "image_size": 768,
    "device": "cuda"
  },
  "timestamp": "2025-11-28T13:14:11.169307",
  "status": "completed"
}