timeofday,images,expected,matched,missed,accuracy
night,8036,131707,65538,66169,0.49760453127016785
dawn/dusk,1476,28884,15089,13795,0.5223999446060102
daytime,10446,206835,108132,98703,0.522793531075495
undefined,42,302,166,136,0.5496688741721855
