object_count_range,images,expected,matched,missed,accuracy
1-5,1148,5171,3009,2162,0.581899052407658
6-10,3378,27420,15893,11527,0.5796134208606857
11-20,8189,127057,70237,56820,0.5527991373950274
21-50,7177,201968,97398,104570,0.4822447120335895
50+,108,6112,2388,3724,0.39070680628272253
