size_bucket,expected,matched,missed,accuracy
small,321502,151248,170254,0.47044186350318196
medium,33242,27452,5790,0.8258227543469105
large,12984,10225,2759,0.7875077017868145
