scene,images,expected,matched,missed,accuracy
city street,12288,252212,125999,126213,0.4995757537309882
highway,5069,73549,36758,36791,0.4997756597642388
tunnel,49,325,193,132,0.5938461538461538
undefined,98,1076,658,418,0.6115241635687733
residential,2382,38980,24183,14797,0.6203950743971267
parking lot,108,1518,1080,438,0.7114624505928854
gas stations,6,68,54,14,0.7941176470588235
