weather,images,expected,matched,missed,accuracy
snowy,1551,28238,14260,13978,0.50499327147815
clear,10756,187148,95046,92102,0.5078654327056661
rainy,1306,22348,11379,10969,0.5091730803651333
overcast,2568,54344,27907,26437,0.5135249521566319
partly cloudy,1441,28112,14731,13381,0.5240110984632897
undefined,2340,46993,25293,21700,0.5382290979507586
foggy,38,545,309,236,0.5669724770642202
