{
  "trial_number": 36,
  "model_name": "yolov8m_finetuned_1",
  "dataset": "bdd100k_yolo_tuning",
  "trial_directory": "/content/Drive/MyDrive/ksu_yolo_tuning_2025/computer_vision_yolo/tune_train/tune/yolov8m_finetuned_1_tune_20251127_230340/trial_036",
  "hyperparameters": {
    "imgsz": 768,
    "batch": 64,
    "optimizer": "AdamW",
    "lr0": 0.00022248867701096445,
    "momentum": 0.8946024438028313,
    "weight_decay": 0.0003067897167436233,
    "warmup_epochs": 0,
    "warmup_momentum": 0.5365910374069301,
    "warmup_bias_lr": 0.03524001773688575,
    "mosaic": 0.7553264786879148,
    "mixup": 0.04791713874009272,
    "epochs": 8,
    "device": "cuda",
    "val": true,
    "patience": 20,
    "save": true,
    "plots": true,
    "cache": false,
    "workers": 8,
    "close_mosaic": 10,
    "verbose": true
  },
  "validation_metrics": {
    "map50": 0.5667181528282965,
    "map50_95": 0.32432603967521795,
    "precision": 0.6430506438279135,
    "recall": 0.5224245941379175
  },
  "training_metrics": {
    "metrics/precision(B)": 0.6433002364145244,
    "metrics/recall(B)": 0.5219694925007484,
    "metrics/mAP50(B)": 0.5664634316072046,
    "metrics/mAP50-95(B)": 0.32383365348943177
  },
  "training_config": {
    "epochs": 8,
    "batch_size": 64,
    "image_size": 768,
    "device": "cuda"
  },
  "timestamp": "2025-11-28T18:36:58.808206",
  "status": "completed"
}