scene,images,expected,matched,missed,accuracy
highway,5069,73549,34139,39410,0.46416674597887125
city street,12288,252212,120631,131581,0.4782920717491634
tunnel,49,325,181,144,0.556923076923077
undefined,98,1076,633,443,0.5882899628252788
residential,2382,38980,23266,15714,0.5968701898409441
parking lot,108,1518,1047,471,0.6897233201581028
gas stations,6,68,53,15,0.7794117647058824
