size_bucket,expected,matched,missed,accuracy
small,321502,142117,179385,0.44204079601371066
medium,33242,27548,5694,0.8287106672282053
large,12984,10285,2699,0.7921287738755391
