weather,images,expected,matched,missed,accuracy
clear,10756,187148,89936,97212,0.4805608395494475
snowy,1551,28238,13645,14593,0.48321410864792125
rainy,1306,22348,10889,11459,0.4872471809557902
overcast,2568,54344,26603,27741,0.4895296628882673
partly cloudy,1441,28112,14099,14013,0.5015295959021059
undefined,2340,46993,24488,22505,0.5210988870682868
foggy,38,545,290,255,0.5321100917431193
