object_count_range,images,expected,matched,missed,accuracy
1-5,1148,5171,2892,2279,0.5592728679172307
6-10,3378,27420,15220,12200,0.5550692924872356
11-20,8189,127057,66899,60158,0.5265274640515674
21-50,7177,201968,92665,109303,0.4588103065832211
50+,108,6112,2274,3838,0.37205497382198954
