timeofday,images,expected,matched,missed,accuracy
night,8036,131707,61839,69868,0.46951946365796804
dawn/dusk,1476,28884,14393,14491,0.49830355906384155
daytime,10446,206835,103554,103281,0.5006599463340343
undefined,42,302,164,138,0.543046357615894
