{
  "trial_number": 34,
  "model_name": "yolov8m_finetuned_1",
  "dataset": "bdd100k_yolo_tuning",
  "trial_directory": "/content/Drive/MyDrive/ksu_yolo_tuning_2025/computer_vision_yolo/tune_train/tune/yolov8m_finetuned_1_tune_20251127_230340/trial_034",
  "hyperparameters": {
    "imgsz": 768,
    "batch": 64,
    "optimizer": "SGD",
    "lr0": 0.00015346984180265746,
    "momentum": 0.9063315010084676,
    "weight_decay": 0.0009371541289392279,
    "warmup_epochs": 1,
    "warmup_momentum": 0.5483156020434448,
    "warmup_bias_lr": 0.02471430207500159,
    "mosaic": 0.8785089288974699,
    "mixup": 0.038448048254907566,
    "epochs": 8,
    "device": "cuda",
    "val": true,
    "patience": 20,
    "save": true,
    "plots": true,
    "cache": false,
    "workers": 8,
    "close_mosaic": 10,
    "verbose": true
  },
  "validation_metrics": {
    "map50": 0.5762132136970319,
    "map50_95": 0.3337842185201124,
    "precision": 0.6329204218465991,
    "recall": 0.5419864903602631
  },
  "training_metrics": {
    "metrics/precision(B)": 0.6330425956102349,
    "metrics/recall(B)": 0.5411392181975898,
    "metrics/mAP50(B)": 0.5756360504418387,
    "metrics/mAP50-95(B)": 0.3325122424651926
  },
  "training_config": {
    "epochs": 8,
    "batch_size": 64,
    "image_size": 768,
    "device": "cuda"
  },
  "timestamp": "2025-11-28T17:18:25.678825",
  "status": "completed"
}