{
  "trial_number": 3,
  "model_name": "yolo12s",
  "dataset": "bdd100k_yolo_tuning",
  "trial_directory": "/content/Drive/MyDrive/ksu_yolo10_tuning_2025/yolo_training/tune_train/tune/yolo12s_tune_20251130_191337/trial_003",
  "hyperparameters": {
    "imgsz": 640,
    "batch": 86,
    "optimizer": "AdamW",
    "lr0": 0.00027520696850790545,
    "momentum": 0.9295026741224778,
    "weight_decay": 4.201672054372529e-05,
    "warmup_epochs": 2,
    "warmup_momentum": 0.7460196257044758,
    "warmup_bias_lr": 0.018485445552552705,
    "mosaic": 0.9847923138822793,
    "mixup": 0.15502656467222292,
    "epochs": 6,
    "device": "cuda",
    "val": true,
    "patience": 10,
    "save": true,
    "plots": true,
    "cache": false,
    "workers": 8,
    "close_mosaic": 10,
    "verbose": true
  },
  "validation_metrics": {
    "map50": 0.45441687794687446,
    "map50_95": 0.254409868092557,
    "precision": 0.5704318262043389,
    "recall": 0.4133763380271393
  },
  "training_metrics": {
    "metrics/precision(B)": 0.5705843165913678,
    "metrics/recall(B)": 0.4137831993508593,
    "metrics/mAP50(B)": 0.45506972506872445,
    "metrics/mAP50-95(B)": 0.2538172689436334
  },
  "training_config": {
    "epochs": 6,
    "batch_size": 86,
    "image_size": 640,
    "device": "cuda"
  },
  "timestamp": "2025-11-30T20:34:44.008820",
  "status": "completed"
}