{
  "metadata": {
    "model_name": "yolov8m_finetuned_1_finetuned_20251128",
    "run_name": "yolov8m_finetuned_1_finetuned_20251128_testing_20251128_230949",
    "wb_run_name": "yolov8m_finetuned_1_finetuned_20251128_bdd100k_yolo_limited_test_20251128_230949",
    "timestamp": "2025-11-28T23:25:53.606754",
    "dataset": "bdd100k_yolo_limited",
    "data_split": "test",
    "images_processed": 20000,
    "iou_threshold": 0.5,
    "num_classes": 10
  },
  "model_info": {
    "parameters": 25862110,
    "model_size_mb": 49.613908767700195,
    "flops_gflops": 79.0946304
  },
  "performance": {
    "total_time_seconds": 139.92462706565857,
    "avg_inference_time_ms": 3034.723146300439,
    "fps": 329.5193504616976,
    "images_processed": 20000
  },
  "custom_metrics": {
    "overall": {
      "precision": 0.724591884740582,
      "recall": 0.7858573286655125,
      "f1_score": 0.753982110568121,
      "true_positives": 266452,
      "false_positives": 101275,
      "false_negatives": 72607
    },
    "per_class": {
      "person": {
        "true_positives": 15778,
        "false_positives": 8872,
        "false_negatives": 4896,
        "precision": 0.6400811359026369,
        "recall": 0.7631808068104866,
        "f1_score": 0.6962315770894006
      },
      "rider": {
        "true_positives": 699,
        "false_positives": 595,
        "false_negatives": 455,
        "precision": 0.5401854714064915,
        "recall": 0.6057192374350087,
        "f1_score": 0.571078431372549
      },
      "car": {
        "true_positives": 159214,
        "false_positives": 45935,
        "false_negatives": 31801,
        "precision": 0.7760895739194439,
        "recall": 0.8335156924848834,
        "f1_score": 0.8037782332569341
      },
      "truck": {
        "true_positives": 5259,
        "false_positives": 3445,
        "false_negatives": 3674,
        "precision": 0.6042049632352942,
        "recall": 0.5887159968655546,
        "f1_score": 0.5963599251573397
      },
      "bus": {
        "true_positives": 1867,
        "false_positives": 1350,
        "false_negatives": 1418,
        "precision": 0.580354367423065,
        "recall": 0.5683409436834095,
        "f1_score": 0.5742848354352508
      },
      "train": {
        "true_positives": 2,
        "false_positives": 26,
        "false_negatives": 15,
        "precision": 0.07142857142857142,
        "recall": 0.11764705882352941,
        "f1_score": 0.08888888888888889
      },
      "motor": {
        "true_positives": 455,
        "false_positives": 386,
        "false_negatives": 364,
        "precision": 0.5410225921521997,
        "recall": 0.5555555555555556,
        "f1_score": 0.5481927710843373
      },
      "bike": {
        "true_positives": 1178,
        "false_positives": 820,
        "false_negatives": 744,
        "precision": 0.5895895895895896,
        "recall": 0.6129032258064516,
        "f1_score": 0.6010204081632653
      },
      "traffic light": {
        "true_positives": 34653,
        "false_positives": 18187,
        "false_negatives": 10854,
        "precision": 0.6558099924299773,
        "recall": 0.7614872437207463,
        "f1_score": 0.7047088370768809
      },
      "traffic sign": {
        "true_positives": 47347,
        "false_positives": 21659,
        "false_negatives": 18386,
        "precision": 0.6861287424281947,
        "recall": 0.7202926992530388,
        "f1_score": 0.7027957755364075
      }
    }
  },
  "yolo_official_metrics": {
    "overall": {
      "precision": 0.6371404882961246,
      "recall": 0.5495569988501637,
      "map50": 0.5849999243636923,
      "map50_95": 0.33377787407257303,
      "fitness": 0.33377787407257303
    },
    "per_class": {
      "person": {
        "precision": 0.7819246917049033,
        "recall": 0.6050304259634889,
        "ap50": 0.6930299991866403,
        "ap50_95": 0.3577090569023315
      },
      "rider": {
        "precision": 0.6452676240769839,
        "recall": 0.5401854714064915,
        "ap50": 0.551758289806892,
        "ap50_95": 0.29052692656415713
      },
      "car": {
        "precision": 0.8383335968023865,
        "recall": 0.739964611087551,
        "ap50": 0.815109176606865,
        "ap50_95": 0.5112649975401234
      },
      "truck": {
        "precision": 0.6491213019122172,
        "recall": 0.6220128676470589,
        "ap50": 0.6531987518227872,
        "ap50_95": 0.47705091597328375
      },
      "bus": {
        "precision": 0.6245688624740579,
        "recall": 0.5958967982592478,
        "ap50": 0.610596504163805,
        "ap50_95": 0.46947706036190595
      },
      "train": {
        "precision": 0.09259165613226703,
        "recall": 0.03571428571428571,
        "ap50": 0.05804437311107388,
        "ap50_95": 0.03518344989638394
      },
      "motor": {
        "precision": 0.6189075313306079,
        "recall": 0.5517241379310345,
        "ap50": 0.5425478246960558,
        "ap50_95": 0.27584910614974667
      },
      "bike": {
        "precision": 0.6454757489505482,
        "recall": 0.5635635635635635,
        "ap50": 0.5631231382058836,
        "ap50_95": 0.2819773526153869
      },
      "traffic light": {
        "precision": 0.741903672274658,
        "recall": 0.5911430734292202,
        "ap50": 0.6538925486116136,
        "ap50_95": 0.2568340767208047
      },
      "traffic sign": {
        "precision": 0.7333101973026163,
        "recall": 0.6503347534996957,
        "ap50": 0.708698637425305,
        "ap50_95": 0.3819057980016062
      }
    }
  },
  "confusion_matrix": {
    "matrix": [
      [
        15778.0,
        172.0,
        104.0,
        1.0,
        0.0,
        0.0,
        6.0,
        20.0,
        7.0,
        15.0,
        4571.0
      ],
      [
        167.0,
        699.0,
        7.0,
        1.0,
        0.0,
        0.0,
        3.0,
        6.0,
        0.0,
        1.0,
        270.0
      ],
      [
        95.0,
        15.0,
        159214.0,
        1367.0,
        317.0,
        0.0,
        38.0,
        7.0,
        34.0,
        89.0,
        29839.0
      ],
      [
        3.0,
        0.0,
        1159.0,
        5259.0,
        358.0,
        2.0,
        1.0,
        0.0,
        1.0,
        17.0,
        2133.0
      ],
      [
        1.0,
        0.0,
        327.0,
        413.0,
        1867.0,
        7.0,
        0.0,
        0.0,
        0.0,
        4.0,
        666.0
      ],
      [
        0.0,
        0.0,
        0.0,
        0.0,
        0.0,
        2.0,
        0.0,
        0.0,
        0.0,
        0.0,
        15.0
      ],
      [
        9.0,
        7.0,
        46.0,
        0.0,
        0.0,
        0.0,
        455.0,
        41.0,
        0.0,
        0.0,
        261.0
      ],
      [
        27.0,
        4.0,
        6.0,
        0.0,
        0.0,
        1.0,
        60.0,
        1178.0,
        0.0,
        0.0,
        646.0
      ],
      [
        11.0,
        2.0,
        25.0,
        2.0,
        2.0,
        3.0,
        2.0,
        3.0,
        34653.0,
        400.0,
        10404.0
      ],
      [
        29.0,
        2.0,
        108.0,
        14.0,
        4.0,
        0.0,
        3.0,
        1.0,
        309.0,
        47347.0,
        17916.0
      ],
      [
        8530.0,
        393.0,
        44153.0,
        1647.0,
        669.0,
        13.0,
        273.0,
        742.0,
        17836.0,
        21133.0,
        0.0
      ]
    ],
    "diagonal_sum": 266452,
    "total_predictions": 434448
  },
  "class_names": {
    "0": "person",
    "1": "rider",
    "2": "car",
    "3": "truck",
    "4": "bus",
    "5": "train",
    "6": "motor",
    "7": "bike",
    "8": "traffic light",
    "9": "traffic sign"
  }
}