scene,images,expected,matched,missed,accuracy
highway,5069,73549,35103,38446,0.4772736542984949
city street,12288,252212,121489,130723,0.4816939717380616
undefined,98,1076,605,471,0.5622676579925651
tunnel,49,325,190,135,0.5846153846153846
residential,2382,38980,23429,15551,0.6010518214468958
parking lot,108,1518,1044,474,0.6877470355731226
gas stations,6,68,53,15,0.7794117647058824
