size_bucket,expected,matched,missed,accuracy
small,321502,144137,177365,0.4483238051396259
medium,33242,27600,5642,0.8302749533722399
large,12984,10176,2808,0.7837338262476895
