object_count_range,images,expected,matched,missed,accuracy
1-5,1148,5171,2971,2200,0.5745503771030749
6-10,3378,27420,15367,12053,0.5604303428154631
11-20,8189,127057,67744,59313,0.5331780224623595
21-50,7177,201968,93569,108399,0.4632862631704032
50+,108,6112,2262,3850,0.3700916230366492
