weather,images,expected,matched,missed,accuracy
snowy,1551,28238,13716,14522,0.4857284510234436
clear,10756,187148,90979,96169,0.4861339688374976
rainy,1306,22348,11047,11301,0.4943171648469662
overcast,2568,54344,27036,27308,0.4974974238186368
partly cloudy,1441,28112,14231,13881,0.5062250996015937
undefined,2340,46993,24615,22378,0.5238014172323537
foggy,38,545,289,256,0.5302752293577981
