timeofday,images,expected,matched,missed,accuracy
night,8036,131707,62592,69115,0.4752366996439065
dawn/dusk,1476,28884,14497,14387,0.5019041683977289
daytime,10446,206835,104657,102178,0.5059926994947663
undefined,42,302,167,135,0.5529801324503312
