object_count_range,images,expected,matched,missed,accuracy
1-5,1148,5171,3033,2138,0.5865403210210791
6-10,3378,27420,16095,11325,0.5869803063457331
11-20,8189,127057,71722,55335,0.5644868051347033
21-50,7177,201968,100163,101805,0.49593499960389764
50+,108,6112,2520,3592,0.412303664921466
