scene,images,expected,matched,missed,accuracy
city street,12288,252212,128791,123421,0.5106458059093144
highway,5069,73549,37934,35615,0.5157650002039457
undefined,98,1076,664,412,0.6171003717472119
tunnel,49,325,206,119,0.6338461538461538
residential,2382,38980,24761,14219,0.635223191380195
parking lot,108,1518,1122,396,0.7391304347826086
gas stations,6,68,55,13,0.8088235294117647
