timeofday,images,expected,matched,missed,accuracy
night,8036,131707,66551,65156,0.5052958460825924
dawn/dusk,1476,28884,15413,13471,0.5336172275308129
daytime,10446,206835,111385,95450,0.5385210433437281
undefined,42,302,184,118,0.609271523178808
