size_bucket,expected,matched,missed,accuracy
small,321502,155884,165618,0.4848616804872131
medium,33242,27382,5860,0.8237169845376331
large,12984,10267,2717,0.7907424522489217
