weather,images,expected,matched,missed,accuracy
snowy,1551,28238,14621,13617,0.5177774629931299
clear,10756,187148,96931,90217,0.5179376749951909
rainy,1306,22348,11714,10634,0.5241632360837659
overcast,2568,54344,28856,25488,0.5309877815398204
partly cloudy,1441,28112,15188,12924,0.5402675014228799
undefined,2340,46993,25919,21074,0.5515502308854511
foggy,38,545,304,241,0.5577981651376147
