{
  "trial_number": 0,
  "model_name": "yolov8m_finetuned_1",
  "dataset": "bdd100k_yolo_tuning",
  "trial_directory": "/content/Drive/MyDrive/ksu_yolo_tuning_2025/computer_vision_yolo/tune_train/tune/yolov8m_finetuned_1_tune_20251127_230340/trial_000",
  "hyperparameters": {
    "imgsz": 768,
    "batch": 64,
    "optimizer": "SGD",
    "lr0": 0.00018408992080552527,
    "momentum": 0.856970033460184,
    "weight_decay": 0.0005399484409787432,
    "warmup_epochs": 2,
    "warmup_momentum": 0.8186326600082204,
    "warmup_bias_lr": 0.0020584494295802446,
    "mosaic": 0.9849549260809971,
    "mixup": 0.16648852816008436,
    "epochs": 8,
    "device": "cuda",
    "val": true,
    "patience": 20,
    "save": true,
    "plots": true,
    "cache": false,
    "workers": 8,
    "close_mosaic": 10,
    "verbose": true
  },
  "validation_metrics": {
    "map50": 0.5769275868120581,
    "map50_95": 0.33349696365515114,
    "precision": 0.6389696634561249,
    "recall": 0.5258976308432004
  },
  "training_metrics": {
    "metrics/precision(B)": 0.6377771235959699,
    "metrics/recall(B)": 0.5255858959091851,
    "metrics/mAP50(B)": 0.575669803040252,
    "metrics/mAP50-95(B)": 0.33276729225536605
  },
  "training_config": {
    "epochs": 8,
    "batch_size": 64,
    "image_size": 768,
    "device": "cuda"
  },
  "timestamp": "2025-11-27T23:31:56.427784",
  "status": "completed"
}